"ProductCode","ProductName","Quantity","StripQty","SaleUnit","SalesTaxCode","PurchasePrice","DiscountPercentage","MRP","StoreName","batchdescription","expirydate","CustomerCode","Customername","TransactionDate","BillDate","BNumber","BillAmount"
"25903","BUDAMATE 400MG TRANSCAPS","1","1","1","37","166.79","11.5","233.5","NMC","UB00849","28/02/27 12:00:00 AM","1000499","`NATHAN MEDICALS S","13/08/25 12:00:00 AM","13/08/25 12:00:00 AM","W01001052","2373"
"25258","PETRIL MD 0.25MG","15","1","15","37","24.23","16","33.93","NMC","PEBS0161","31/10/27 12:00:00 AM","1000499","`NATHAN MEDICALS S","13/08/25 12:00:00 AM","13/08/25 12:00:00 AM","W01001052","2373"
"26615","REVELOL AM 50/5 MG","60","4","15","37","184.21","11.5","257.9","NMC","08AS","31/10/27 12:00:00 AM","1000499","`NATHAN MEDICALS S","13/08/25 12:00:00 AM","13/08/25 12:00:00 AM","W01001052","2373"
"5883051","SKINLITE CREAM 15GM","2","2","1","37","146.06","24.5","204.49","NMC","IA00102A","30/09/26 12:00:00 AM","1000499","`NATHAN MEDICALS S","13/08/25 12:00:00 AM","13/08/25 12:00:00 AM","W01001052","2373"
"18464","TELEACT 40MG","90","9","10","37","54.08","9.5","75.71","NMC","SIG0340A","31/01/27 12:00:00 AM","1000499","`NATHAN MEDICALS S","13/08/25 12:00:00 AM","13/08/25 12:00:00 AM","W01001052","2373"
"5858822","TIMOLET OD E/D","1","1","1","37","32.7","8.5","45.77","NMC","ZEG0166A","31/03/27 12:00:00 AM","1000499","`NATHAN MEDICALS S","13/08/25 12:00:00 AM","13/08/25 12:00:00 AM","W01001052","2373"
"5883299","UDAPA 5MG   TAB","20","2","10","37","90.36","7.5","126.5","NMC","48019658","31/08/26 12:00:00 AM","1000499","`NATHAN MEDICALS S","13/08/25 12:00:00 AM","13/08/25 12:00:00 AM","W01001052","2373"
"5870751","V WASH PLUS 100ML","1","1","1","38","141.24","11.5","200","NMC","B074","31/03/27 12:00:00 AM","1000499","`NATHAN MEDICALS S","13/08/25 12:00:00 AM","13/08/25 12:00:00 AM","W01001052","2373"
"5871798","ZINBEX","60","4","15","37","39","0","52.5","NMC","5251","31/10/26 12:00:00 AM","1000499","`NATHAN MEDICALS S","13/08/25 12:00:00 AM","13/08/25 12:00:00 AM","W01001052","2373"
"16357","ZINCOVIT DROPS","2","2","1","38","84.74","14.5","125","NMC","ZVD25017","30/04/26 12:00:00 AM","1000499","`NATHAN MEDICALS S","13/08/25 12:00:00 AM","13/08/25 12:00:00 AM","W01001052","2373"
"18625","BECOSULES  CAP","100","5","20","37","45.36","0","60.49","NMC","2529018O","31/07/26 12:00:00 AM","1002675","`NATHAN MEDICALS G","13/08/25 12:00:00 AM","13/08/25 12:00:00 AM","W01001053","6578"
"18625","BECOSULES  CAP","100","5","20","37","45.36","16","60.49","NMC","2529018O","31/07/26 12:00:00 AM","1002675","`NATHAN MEDICALS G","13/08/25 12:00:00 AM","13/08/25 12:00:00 AM","W01001053","6578"
"20387","BUDAMATE 200 TRANSCAPS","60","2","30","37","139.61","0","195.45","NMC","UB01167","30/04/27 12:00:00 AM","1002675","`NATHAN MEDICALS G","13/08/25 12:00:00 AM","13/08/25 12:00:00 AM","W01001053","6578"
"20387","BUDAMATE 200 TRANSCAPS","60","2","30","37","139.61","11.5","195.45","NMC","UB01167","30/04/27 12:00:00 AM","1002675","`NATHAN MEDICALS G","13/08/25 12:00:00 AM","13/08/25 12:00:00 AM","W01001053","6578"
"5883972","CAPETERO 500MG  TAB","10","1","10","37","185","0","500","NMC","5051A","31/12/27 12:00:00 AM","1002675","`NATHAN MEDICALS G","13/08/25 12:00:00 AM","13/08/25 12:00:00 AM","W01001053","6578"
"9848","CILACAR 5MG","30","2","15","37","100.71","0","140.99","NMC","KC825002","31/03/28 12:00:00 AM","1002675","`NATHAN MEDICALS G","13/08/25 12:00:00 AM","13/08/25 12:00:00 AM","W01001053","6578"
"9848","CILACAR 5MG","30","2","15","37","100.71","9.5","140.99","NMC","KC825002","31/03/28 12:00:00 AM","1002675","`NATHAN MEDICALS G","13/08/25 12:00:00 AM","13/08/25 12:00:00 AM","W01001053","6578"
"11885","CLAVIX AS 75","30","2","15","37","72.14","0","101","NMC","N2501324","31/03/27 12:00:00 AM","1002675","`NATHAN MEDICALS G","13/08/25 12:00:00 AM","13/08/25 12:00:00 AM","W01001053","6578"
"11885","CLAVIX AS 75","30","2","15","37","72.14","11.5","101","NMC","N2501324","31/03/27 12:00:00 AM","1002675","`NATHAN MEDICALS G","13/08/25 12:00:00 AM","13/08/25 12:00:00 AM","W01001053","6578"
"5878415","FOLLIHAIR TAB 30""S","1","1","1","38","542.17","0","799.7","NMC","0059","30/09/26 12:00:00 AM","1002675","`NATHAN MEDICALS G","13/08/25 12:00:00 AM","13/08/25 12:00:00 AM","W01001053","6578"
"5878415","FOLLIHAIR TAB 30""S","1","1","1","38","542.17","17.5","799.7","NMC","0059","30/09/26 12:00:00 AM","1002675","`NATHAN MEDICALS G","13/08/25 12:00:00 AM","13/08/25 12:00:00 AM","W01001053","6578"
"12617","FORACORT  200 ROTACAPS","1","1","1","37","137.28","0","192.19","NMC","4BA2331","30/09/26 12:00:00 AM","1002675","`NATHAN MEDICALS G","13/08/25 12:00:00 AM","13/08/25 12:00:00 AM","W01001053","6578"
"12617","FORACORT  200 ROTACAPS","1","1","1","37","137.28","11.5","192.19","NMC","4BA2331","30/09/26 12:00:00 AM","1002675","`NATHAN MEDICALS G","13/08/25 12:00:00 AM","13/08/25 12:00:00 AM","W01001053","6578"
"10709","IMOL  PLUS","50","5","10","37","16.93","0","23.7","NMC","BRB1025","31/12/26 12:00:00 AM","1002675","`NATHAN MEDICALS G","13/08/25 12:00:00 AM","13/08/25 12:00:00 AM","W01001053","6578"
"10709","IMOL  PLUS","50","5","10","37","16.93","20.5","23.7","NMC","BRB1025","31/12/26 12:00:00 AM","1002675","`NATHAN MEDICALS G","13/08/25 12:00:00 AM","13/08/25 12:00:00 AM","W01001053","6578"
"21321","INSUGEN-30/70-40","2","2","1","36","142.4","9.5","178","NMC","V24ITF405","31/01/28 12:00:00 AM","1002675","`NATHAN MEDICALS G","13/08/25 12:00:00 AM","13/08/25 12:00:00 AM","W01001053","6578"
"5857957","ISTAVEL 50MG TAB","80","8","10","37","72.86","7.5","102","NMC","GTG0980A","28/02/27 12:00:00 AM","1002675","`NATHAN MEDICALS G","13/08/25 12:00:00 AM","13/08/25 12:00:00 AM","W01001053","6578"
"16600","METOLAR XR 50","15","1","15","37","92.93","20.5","130.1","NMC","5BA0354","30/11/26 12:00:00 AM","1002675","`NATHAN MEDICALS G","13/08/25 12:00:00 AM","13/08/25 12:00:00 AM","W01001053","6578"
"5891044","NACSAVE  TAB","20","2","10","37","94.28","0","132","NMC","1301","31/12/26 12:00:00 AM","1002675","`NATHAN MEDICALS G","13/08/25 12:00:00 AM","13/08/25 12:00:00 AM","W01001053","6578"
"5882618","NEBULIZER MACHINE (ROMSONS)","1","1","1","37","688","0","1200","NMC","1093","31/12/29 12:00:00 AM","1002675","`NATHAN MEDICALS G","13/08/25 12:00:00 AM","13/08/25 12:00:00 AM","W01001053","6578"
"5855291","NICOGUM 4MG","24","2","12","38","103.46","9.5","152.61","NMC","5M50367","30/04/27 12:00:00 AM","1002675","`NATHAN MEDICALS G","13/08/25 12:00:00 AM","13/08/25 12:00:00 AM","W01001053","6578"
"758","SHELCAL 500","75","5","15","37","113.29","7.5","158.6","NMC","8LV2M061","31/12/26 12:00:00 AM","1002675","`NATHAN MEDICALS G","13/08/25 12:00:00 AM","13/08/25 12:00:00 AM","W01001053","6578"
"5852448","TEDIBAR-75GM SOAP","2","2","1","38","141.69","7.5","209","NMC","TD250206","31/01/27 12:00:00 AM","1002675","`NATHAN MEDICALS G","13/08/25 12:00:00 AM","13/08/25 12:00:00 AM","W01001053","6578"
"5890767","TENDIUM M  TAB","30","3","10","37","97","0","133","NMC","03","30/09/26 12:00:00 AM","1002675","`NATHAN MEDICALS G","13/08/25 12:00:00 AM","13/08/25 12:00:00 AM","W01001053","6578"
"5870751","V WASH PLUS 100ML","1","1","1","38","141.24","11.5","200","NMC","B074","31/03/27 12:00:00 AM","1002675","`NATHAN MEDICALS G","13/08/25 12:00:00 AM","13/08/25 12:00:00 AM","W01001053","6578"
"760","VASOGRAIN","20","1","20","37","151","14.5","211.4","NMC","QO25007","28/02/26 12:00:00 AM","1002675","`NATHAN MEDICALS G","13/08/25 12:00:00 AM","13/08/25 12:00:00 AM","W01001053","6578"
"5879976","VYMADA 200MG  TAB","7","1","7","37","583.03","9.5","816.25","NMC","TJUP6","31/05/27 12:00:00 AM","1002675","`NATHAN MEDICALS G","13/08/25 12:00:00 AM","13/08/25 12:00:00 AM","W01001053","6578"
"22137","ZINCOVIT  TAB","75","5","15","38","77.97","14.5","115","NMC","ZVT25108","31/10/26 12:00:00 AM","1002675","`NATHAN MEDICALS G","13/08/25 12:00:00 AM","13/08/25 12:00:00 AM","W01001053","6578"
"5853893","ALOE REFRESH SOAP 100GM","1","1","1","38","29.66","0","48","NMC","12","30/04/27 12:00:00 AM","1002675","`NATHAN MEDICALS G","13/08/25 12:00:00 AM","13/08/25 12:00:00 AM","W01001054","856"
"5882218","ARAVIND HONEY 330GM","2","2","1","36","171.43","0","240","NMC","0","31/07/27 12:00:00 AM","1002675","`NATHAN MEDICALS G","13/08/25 12:00:00 AM","13/08/25 12:00:00 AM","W01001054","856"
"5867164","CINTHOL ORIGINAL SOAP 4*100GM","1","1","1","38","153.73","0","195","NMC","0155","31/08/28 12:00:00 AM","1002675","`NATHAN MEDICALS G","13/08/25 12:00:00 AM","13/08/25 12:00:00 AM","W01001054","856"
"5864992","SENI SOFT COMFORT UNDERPAD 10'S","2","2","1","37","125","0","240","NMC","301","29/02/28 12:00:00 AM","1002675","`NATHAN MEDICALS G","13/08/25 12:00:00 AM","13/08/25 12:00:00 AM","W01001054","856"
"11847","GLIMY 1MG","15","1","15","37","45.12","16.5","63.16","NMC","E2500932","30/04/28 12:00:00 AM","1000119","`NATHAN MEDICALS","13/08/25 12:00:00 AM","13/08/25 12:00:00 AM","W01001055","820"
"21321","INSUGEN-30/70-40","1","1","1","36","142.4","9.5","178","NMC","V24ITF405","31/01/28 12:00:00 AM","1000119","`NATHAN MEDICALS","13/08/25 12:00:00 AM","13/08/25 12:00:00 AM","W01001055","820"
"5853704","KETO SOAP 125GM","2","2","1","38","195.93","15.5","289","NMC","HKS5078","30/04/28 12:00:00 AM","1000119","`NATHAN MEDICALS","13/08/25 12:00:00 AM","13/08/25 12:00:00 AM","W01001055","820"
"11680","RAMCOR 2.5","20","2","10","37","37.27","11.5","52.19","NMC","CRX032500","31/12/26 12:00:00 AM","1000119","`NATHAN MEDICALS","13/08/25 12:00:00 AM","13/08/25 12:00:00 AM","W01001055","820"
"5867880","NODOSIS DS TAB","30","2","15","37","68.5","11.5","96","NMC","SM1T25118","31/03/27 12:00:00 AM","1000119","`NATHAN MEDICALS","13/08/25 12:00:00 AM","13/08/25 12:00:00 AM","W01001057","619"
"5861642","NULONG-10","30","2","15","37","122.86","14.5","172","NMC","NLBS0058","31/05/26 12:00:00 AM","1000119","`NATHAN MEDICALS","13/08/25 12:00:00 AM","13/08/25 12:00:00 AM","W01001057","619"
"5861642","NULONG-10","30","2","15","37","134.29","17.5","188","NMC","NLBS0064","30/11/26 12:00:00 AM","1000119","`NATHAN MEDICALS","13/08/25 12:00:00 AM","13/08/25 12:00:00 AM","W01001057","619"
"11395","BEPLEX FORTE TAB","40","2","20","37","36.93","19","51.7","NMC","AVI24164P","28/02/27 12:00:00 AM","1002096","`NATHAN MEDICALS VM","13/08/25 12:00:00 AM","13/08/25 12:00:00 AM","W01001058","5855"
"5875941","CATCHNIL","10","1","10","37","192.86","0","270","NMC","CNT25010","28/02/27 12:00:00 AM","1002096","`NATHAN MEDICALS VM","13/08/25 12:00:00 AM","13/08/25 12:00:00 AM","W01001058","5855"
"1458","CONCOR  5MG","100","10","10","37","100.71","8.5","141","NMC","M07AM2503","28/02/27 12:00:00 AM","1002096","`NATHAN MEDICALS VM","13/08/25 12:00:00 AM","13/08/25 12:00:00 AM","W01001058","5855"
"5887230","DAPLO V  TAB","60","6","10","37","144.47","16.5","202.25","NMC","EMV250252","31/12/26 12:00:00 AM","1002096","`NATHAN MEDICALS VM","13/08/25 12:00:00 AM","13/08/25 12:00:00 AM","W01001058","5855"
"5891493","FOGG B/S[MAJESTIC] 120ML","1","1","1","38","127.12","0","225","NMC","01","30/09/27 12:00:00 AM","1002096","`NATHAN MEDICALS VM","13/08/25 12:00:00 AM","13/08/25 12:00:00 AM","W01001058","5855"
"1119","FUCIBET CREAM","2","2","1","37","67.86","10","95","NMC","SXG0865A","30/09/26 12:00:00 AM","1002096","`NATHAN MEDICALS VM","13/08/25 12:00:00 AM","13/08/25 12:00:00 AM","W01001058","5855"
"11848","GLIMY 2MG","60","4","15","37","70.64","16.5","98.89","NMC","E2500631","31/03/28 12:00:00 AM","1002096","`NATHAN MEDICALS VM","13/08/25 12:00:00 AM","13/08/25 12:00:00 AM","W01001058","5855"
"5887942","ITIN A FORTE  TAB","1","1","1","37","25.71","0","36","NMC","T4353","31/10/26 12:00:00 AM","1002096","`NATHAN MEDICALS VM","13/08/25 12:00:00 AM","13/08/25 12:00:00 AM","W01001058","5855"
"22558","LEVOLIN ROTACAP","3","3","1","37","29.01","14.5","40.62","NMC","4SA2365","30/09/26 12:00:00 AM","1002096","`NATHAN MEDICALS VM","13/08/25 12:00:00 AM","13/08/25 12:00:00 AM","W01001058","5855"
"5852792","LIVOGEN-XT","30","3","10","37","150.9","24.5","211.26","NMC","5160C8420","31/05/27 12:00:00 AM","1002096","`NATHAN MEDICALS VM","13/08/25 12:00:00 AM","13/08/25 12:00:00 AM","W01001058","5855"
"5851699","MONTEK LC","60","4","15","37","266.43","7.5","373","NMC","GTG0231A","30/06/27 12:00:00 AM","1002096","`NATHAN MEDICALS VM","13/08/25 12:00:00 AM","13/08/25 12:00:00 AM","W01001058","5855"
"5884819","REFIL XT  TAB","10","1","10","38","84.75","0","125","NMC","RGS-011","31/08/26 12:00:00 AM","1002096","`NATHAN MEDICALS VM","13/08/25 12:00:00 AM","13/08/25 12:00:00 AM","W01001058","5855"
"5875426","ROZALET 10 MG","30","3","10","37","142.86","7.5","200","NMC","FHC0391","31/03/27 12:00:00 AM","1002096","`NATHAN MEDICALS VM","13/08/25 12:00:00 AM","13/08/25 12:00:00 AM","W01001058","5855"
"5877194","SEBOGEL 30GM","1","1","1","38","169.49","0","250","NMC","0621","31/03/28 12:00:00 AM","1002096","`NATHAN MEDICALS VM","13/08/25 12:00:00 AM","13/08/25 12:00:00 AM","W01001058","5855"
"5849986","VOLINI GEL  20GM ","4","4","1","37","78.57","16.5","110","NMC","SXG0093A","31/12/26 12:00:00 AM","1002096","`NATHAN MEDICALS VM","13/08/25 12:00:00 AM","13/08/25 12:00:00 AM","W01001058","5855"
"5849986","VOLINI GEL  20GM ","6","6","1","37","78.57","16.5","110","NMC","SXG0093A","31/12/26 12:00:00 AM","1002096","`NATHAN MEDICALS VM","13/08/25 12:00:00 AM","13/08/25 12:00:00 AM","W01001058","5855"
"21786","LION DATES DESERTKING 500GM REFIL","1","1","1","37","216.62","0","279","NMC","0","31/01/26 12:00:00 AM","1002791","`GIRI","13/08/25 12:00:00 AM","13/08/25 12:00:00 AM","W01001059","449"
"5881833","NUTRI CHOICE DIGESTIVE RS.70","1","1","1","38","53.11","0","70","NMC","055","31/12/25 12:00:00 AM","1002791","`GIRI","13/08/25 12:00:00 AM","13/08/25 12:00:00 AM","W01001059","449"
"20751","VICKS VAPORUB 25G","1","1","1","37","81.21","0","109","NMC","008","31/01/27 12:00:00 AM","1002791","`GIRI","13/08/25 12:00:00 AM","13/08/25 12:00:00 AM","W01001059","449"
"5867178","VIM LIQUID 250ML","1","1","1","38","45.05","0","58","NMC","45","31/05/27 12:00:00 AM","1002791","`GIRI","13/08/25 12:00:00 AM","13/08/25 12:00:00 AM","W01001059","449"
"5883555","ALTEC SYP 30ML  [VET]","5","5","1","37","18","0","35","NMC","1008","30/11/26 12:00:00 AM","1000499","`NATHAN MEDICALS S","13/08/25 12:00:00 AM","13/08/25 12:00:00 AM","W01001060","5002"
"5881531","AZUGLIPT 20MG   TAB","20","2","10","37","78.1","0","105","NMC","2403","28/02/27 12:00:00 AM","1000499","`NATHAN MEDICALS S","13/08/25 12:00:00 AM","13/08/25 12:00:00 AM","W01001060","5002"
"5870870","BIGEN DYE 1ST QUALITY","3","3","1","38","286.44","0","450","NMC","549","31/10/29 12:00:00 AM","1000499","`NATHAN MEDICALS S","13/08/25 12:00:00 AM","13/08/25 12:00:00 AM","W01001060","5002"
"5861628","BOVOSE 0.3MG TAB","100","10","10","37","44.64","33","60","NMC","2405","29/02/28 12:00:00 AM","1000499","`NATHAN MEDICALS S","13/08/25 12:00:00 AM","13/08/25 12:00:00 AM","W01001060","5002"
"5853631","ETIREST 0.5MG","10","1","10","37","50","7.5","70","NMC","GTF0623A","28/02/26 12:00:00 AM","1000499","`NATHAN MEDICALS S","13/08/25 12:00:00 AM","13/08/25 12:00:00 AM","W01001060","5002"
"5883558","IMACT BOLUS [VET]","10","10","1","37","12","0","55","NMC","225","31/03/27 12:00:00 AM","1000499","`NATHAN MEDICALS S","13/08/25 12:00:00 AM","13/08/25 12:00:00 AM","W01001060","5002"
"5873208","LADY ANION [DAY]","4","4","1","35","119","0","175","NMC","015","31/01/27 12:00:00 AM","1000499","`NATHAN MEDICALS S","13/08/25 12:00:00 AM","13/08/25 12:00:00 AM","W01001060","5002"
"5881731","LADY ANION [NIGHT]","6","6","1","35","119","0","175","NMC","015","30/09/27 12:00:00 AM","1000499","`NATHAN MEDICALS S","13/08/25 12:00:00 AM","13/08/25 12:00:00 AM","W01001060","5002"
"5882607","LIASTA 80MG   TAB","20","2","10","37","154","0","209.5","NMC","529C","28/02/27 12:00:00 AM","1000499","`NATHAN MEDICALS S","13/08/25 12:00:00 AM","13/08/25 12:00:00 AM","W01001060","5002"
"16301","PLAGERINE A 75MG","100","10","10","37","38.57","15.5","54","NMC","P752508","30/04/27 12:00:00 AM","1000499","`NATHAN MEDICALS S","13/08/25 12:00:00 AM","13/08/25 12:00:00 AM","W01001060","5002"
"5881228","R PAN 40MG   TAB","20","2","10","37","42.81","0","66","NMC","4003","31/08/26 12:00:00 AM","1000499","`NATHAN MEDICALS S","13/08/25 12:00:00 AM","13/08/25 12:00:00 AM","W01001060","5002"
"5875121","RESCLEAR SYP 60 ML","1","1","1","37","49.64","0","68","NMC","4293","31/10/26 12:00:00 AM","1000499","`NATHAN MEDICALS S","13/08/25 12:00:00 AM","13/08/25 12:00:00 AM","W01001060","5002"
"5861059","SALUPRIDE M1 TAB","100","10","10","37","52.08","33","70","NMC","2501","30/04/28 12:00:00 AM","1000499","`NATHAN MEDICALS S","13/08/25 12:00:00 AM","13/08/25 12:00:00 AM","W01001060","5002"
"5861060","SALUPRIDE M2 TAB","100","10","10","37","59.52","33","80","NMC","501","30/04/28 12:00:00 AM","1000499","`NATHAN MEDICALS S","13/08/25 12:00:00 AM","13/08/25 12:00:00 AM","W01001060","5002"
"5886348","SULPHA X5 BOLUS 4'S [VET]","24","6","4","37","45","0","88","NMC","493C","30/09/27 12:00:00 AM","1000499","`NATHAN MEDICALS S","13/08/25 12:00:00 AM","13/08/25 12:00:00 AM","W01001060","5002"
"5863416","CETANIL T","30","2","15","37","174.97","0","244.95","NMC","250800056","30/04/27 12:00:00 AM","1002845","`NATHAN MEDICALS E","13/08/25 12:00:00 AM","13/08/25 12:00:00 AM","W01001061","931"
"5884989","DAPALAR 10MG [LARIDAP 10MG]  TAB","10","1","10","37","102.5","0","140","NMC","MT242492C","30/06/26 12:00:00 AM","1002845","`NATHAN MEDICALS E","13/08/25 12:00:00 AM","13/08/25 12:00:00 AM","W01001061","931"
"5884531","NITROHART TAB","20","2","10","37","63.06","0","88.28","NMC","002","31/01/27 12:00:00 AM","1002845","`NATHAN MEDICALS E","13/08/25 12:00:00 AM","13/08/25 12:00:00 AM","W01001061","931"
"5884531","NITROHART TAB","40","4","10","37","63.06","0","88.28","NMC","O9FZY003","28/02/27 12:00:00 AM","1002845","`NATHAN MEDICALS E","13/08/25 12:00:00 AM","13/08/25 12:00:00 AM","W01001061","931"
"5891956","DESIC GEL  30GM","6","6","1","37","13.5","0","125","NMC","836D","30/09/26 12:00:00 AM","1002845","`NATHAN MEDICALS E","14/08/25 12:00:00 AM","14/08/25 12:00:00 AM","W01001062","905"
"5892080","ERYFORCE D  TAB","20","5","4","37","9","0","220","NMC","129","31/05/26 12:00:00 AM","1002845","`NATHAN MEDICALS E","14/08/25 12:00:00 AM","14/08/25 12:00:00 AM","W01001062","905"
"5891966","ERYIT OC CREAM  15GM","3","3","1","37","13","0","99","NMC","378D","31/05/26 12:00:00 AM","1002845","`NATHAN MEDICALS E","14/08/25 12:00:00 AM","14/08/25 12:00:00 AM","W01001062","905"
"5891968","ERYMOX 500MG  CAP","90","9","10","37","22","0","82.3","NMC","594","28/02/26 12:00:00 AM","1002845","`NATHAN MEDICALS E","14/08/25 12:00:00 AM","14/08/25 12:00:00 AM","W01001062","905"
"5891968","ERYMOX 500MG  CAP","100","10","10","37","22","0","82.3","NMC","594","28/02/26 12:00:00 AM","1002845","`NATHAN MEDICALS E","14/08/25 12:00:00 AM","14/08/25 12:00:00 AM","W01001062","905"
"12437","GOUTNIL","10","1","10","37","27.88","0","37.18","NMC","GU2506","31/03/28 12:00:00 AM","1002845","`NATHAN MEDICALS E","14/08/25 12:00:00 AM","14/08/25 12:00:00 AM","W01001062","905"
"1138","LYCOR 1% 15GM CREAM","1","1","1","36","114.29","0","150","NMC","Y139","31/03/29 12:00:00 AM","1002845","`NATHAN MEDICALS E","14/08/25 12:00:00 AM","14/08/25 12:00:00 AM","W01001062","905"
"5891971","OMERUS 20MG  CAP","150","10","15","37","9","0","48.21","NMC","1565","30/06/26 12:00:00 AM","1002845","`NATHAN MEDICALS E","14/08/25 12:00:00 AM","14/08/25 12:00:00 AM","W01001062","905"
"5889034","ACCU FINE PEN NEEDLE","56","56","1","37","10.07","0","17.5","NMC","ZD9","31/12/26 12:00:00 AM","1002675","`NATHAN MEDICALS G","14/08/25 12:00:00 AM","14/08/25 12:00:00 AM","W01001063","1320"
"5869631","JARDIANCE 10MG","20","2","10","37","307.5","0","410","NMC","24L0508","31/05/27 12:00:00 AM","1002675","`NATHAN MEDICALS G","14/08/25 12:00:00 AM","14/08/25 12:00:00 AM","W01001063","1320"
"5854974","CETAPHIL MOISTURISING CREAM  80GM","1","1","1","38","453.56","0","669","NMC","B5NG41","31/03/28 12:00:00 AM","1002703","`DR.PRADEEP","14/08/25 12:00:00 AM","14/08/25 12:00:00 AM","W01001064","1733"
"5866269","COMFORT LIQ-800ML (PINK)","1","1","1","38","184.4","0","235","NMC","11","30/09/26 12:00:00 AM","1002703","`DR.PRADEEP","14/08/25 12:00:00 AM","14/08/25 12:00:00 AM","W01001064","1733"
"5871057","COMFORT LIQ-860ML(BLUE)","1","1","1","38","184.4","0","235","NMC","11","30/09/26 12:00:00 AM","1002703","`DR.PRADEEP","14/08/25 12:00:00 AM","14/08/25 12:00:00 AM","W01001064","1733"
"4351","PAN 40","15","1","15","37","133.57","0","187","NMC","25441027","31/08/27 12:00:00 AM","1002703","`DR.PRADEEP","14/08/25 12:00:00 AM","14/08/25 12:00:00 AM","W01001064","1733"
"5858993","WHISPER MAXI FIT (L+)  8S","1","1","1","35","90.09","0","100","NMC","77","31/10/27 12:00:00 AM","1002703","`DR.PRADEEP","14/08/25 12:00:00 AM","14/08/25 12:00:00 AM","W01001064","1733"
"5858993","WHISPER MAXI FIT (L+)  8S","1","1","1","35","117.12","0","130","NMC","77","31/05/27 12:00:00 AM","1002703","`DR.PRADEEP","14/08/25 12:00:00 AM","14/08/25 12:00:00 AM","W01001064","1733"
"5854910","WHISPER MAXI FIT (L+) 15S","2","2","1","35","202.71","0","225","NMC","014","30/06/27 12:00:00 AM","1002703","`DR.PRADEEP","14/08/25 12:00:00 AM","14/08/25 12:00:00 AM","W01001064","1733"
"5892704","DERMDOC CLEANSING BAR 75GM","2","2","1","38","91.53","0","135","NMC","01","31/03/28 12:00:00 AM","1002096","`NATHAN MEDICALS VM","14/08/25 12:00:00 AM","14/08/25 12:00:00 AM","W01001065","2893"
"5884652","JUSTOZA M 10/500MG  TAB","30","2","15","37","141.99","0","198.78","NMC","A8OAX015","30/09/26 12:00:00 AM","1002096","`NATHAN MEDICALS VM","14/08/25 12:00:00 AM","14/08/25 12:00:00 AM","W01001065","2893"
"5882618","NEBULIZER MACHINE (ROMSONS)","1","1","1","37","688","0","1200","NMC","1093","31/12/29 12:00:00 AM","1002096","`NATHAN MEDICALS VM","14/08/25 12:00:00 AM","14/08/25 12:00:00 AM","W01001065","2893"
"5880347","PIONEER GM 1MG  TAB","15","1","15","37","108.5","0","144.75","NMC","0450","30/06/26 12:00:00 AM","1002096","`NATHAN MEDICALS VM","14/08/25 12:00:00 AM","14/08/25 12:00:00 AM","W01001065","2893"
"5860341","ROSEDAY F 10MG","10","1","10","37","192.22","0","269.1","NMC","0407","31/03/27 12:00:00 AM","1002096","`NATHAN MEDICALS VM","14/08/25 12:00:00 AM","14/08/25 12:00:00 AM","W01001065","2893"
"5860341","ROSEDAY F 10MG","10","1","10","37","192.22","0","269.1","NMC","RDF250408","31/03/27 12:00:00 AM","1002096","`NATHAN MEDICALS VM","14/08/25 12:00:00 AM","14/08/25 12:00:00 AM","W01001065","2893"
"5886699","TAYO RAGA  TAB","15","1","15","38","270.42","0","398.88","NMC","4002","31/12/25 12:00:00 AM","1002096","`NATHAN MEDICALS VM","14/08/25 12:00:00 AM","14/08/25 12:00:00 AM","W01001065","2893"
"5886699","TAYO RAGA  TAB","15","1","15","38","270.42","0","398.88","NMC","5001","31/07/26 12:00:00 AM","1002096","`NATHAN MEDICALS VM","14/08/25 12:00:00 AM","14/08/25 12:00:00 AM","W01001065","2893"
"14796","ZEROLAC POWDER 200G","1","1","1","38","234.15","0","307","NMC","TG1024070","31/12/25 12:00:00 AM","1002096","`NATHAN MEDICALS VM","14/08/25 12:00:00 AM","14/08/25 12:00:00 AM","W01001065","2893"
"4852","AEROCORT ROTACAPS","1","1","1","37","98.82","9.5","138.35","NMC","5SA0460","31/08/26 12:00:00 AM","1002675","`NATHAN MEDICALS G","14/08/25 12:00:00 AM","14/08/25 12:00:00 AM","W01001066","12450"
"3747","ALDACTONE 25","60","4","15","37","26.59","10.5","37.23","NMC","02A25019","31/03/28 12:00:00 AM","1002675","`NATHAN MEDICALS G","14/08/25 12:00:00 AM","14/08/25 12:00:00 AM","W01001066","12450"
"5855004","ALTRADAY CAP","20","1.33333333333333","15","37","100","12.5","140","NMC","SIG0132A","30/06/26 12:00:00 AM","1002675","`NATHAN MEDICALS G","14/08/25 12:00:00 AM","14/08/25 12:00:00 AM","W01001066","12450"
"19844","AMODEP AT","15","1","15","37","33.21","12","46.5","NMC","074J024","30/09/26 12:00:00 AM","1002675","`NATHAN MEDICALS G","14/08/25 12:00:00 AM","14/08/25 12:00:00 AM","W01001066","12450"
"751","ANXIT 0.5","30","2","15","37","40","23","56","NMC","AXBS0100","31/03/28 12:00:00 AM","1002675","`NATHAN MEDICALS G","14/08/25 12:00:00 AM","14/08/25 12:00:00 AM","W01001066","12450"
"12558","APRESOL","30","1","30","37","227.82","27","318.95","NMC","2401408","31/05/27 12:00:00 AM","1002675","`NATHAN MEDICALS G","14/08/25 12:00:00 AM","14/08/25 12:00:00 AM","W01001066","12450"
"5849765","ATORSAVE 40 MG","30","2","15","37","188.66","11.5","264.12","NMC","GATR25001","31/12/27 12:00:00 AM","1002675","`NATHAN MEDICALS G","14/08/25 12:00:00 AM","14/08/25 12:00:00 AM","W01001066","12450"
"3798","ATORVA 10MG","30","2","15","37","59.63","12","83.49","NMC","I501339","29/02/28 12:00:00 AM","1002675","`NATHAN MEDICALS G","14/08/25 12:00:00 AM","14/08/25 12:00:00 AM","W01001066","12450"
"3799","ATORVA 20MG","15","1","15","37","153.33","11.5","214.67","NMC","IA00227A","30/04/28 12:00:00 AM","1002675","`NATHAN MEDICALS G","14/08/25 12:00:00 AM","14/08/25 12:00:00 AM","W01001066","12450"
"1192","AZORAN 50MG","20","1","20","36","183.09","12.5","240.31","NMC","5010","29/02/28 12:00:00 AM","1002675","`NATHAN MEDICALS G","14/08/25 12:00:00 AM","14/08/25 12:00:00 AM","W01001066","12450"
"5868904","AZTOLET 10MG","20","2","10","37","145.71","7.5","204","NMC","FHC0240","29/02/28 12:00:00 AM","1002675","`NATHAN MEDICALS G","14/08/25 12:00:00 AM","14/08/25 12:00:00 AM","W01001066","12450"
"503","BETNOVATE-C","1","1","1","37","50.61","7.5","70.85","NMC","6B8H","31/10/26 12:00:00 AM","1002675","`NATHAN MEDICALS G","14/08/25 12:00:00 AM","14/08/25 12:00:00 AM","W01001066","12450"
"5851712","BRUFEN 400","40","2","20","37","19.18","10","26.85","NMC","742804D7","31/01/28 12:00:00 AM","1002675","`NATHAN MEDICALS G","14/08/25 12:00:00 AM","14/08/25 12:00:00 AM","W01001066","12450"
"20391","BUDAMATE 200 TRANSHALER","1","1","1","37","281.39","11.5","393.95","NMC","JB00432","31/01/27 12:00:00 AM","1002675","`NATHAN MEDICALS G","14/08/25 12:00:00 AM","14/08/25 12:00:00 AM","W01001066","12450"
"25903","BUDAMATE 400MG TRANSCAPS","2","2","1","37","166.79","11.5","233.5","NMC","UB00849","28/02/27 12:00:00 AM","1002675","`NATHAN MEDICALS G","14/08/25 12:00:00 AM","14/08/25 12:00:00 AM","W01001066","12450"
"3033","CALPOL TAB","75","5","15","37","10.86","14","15.21","NMC","EA25103","31/03/27 12:00:00 AM","1002675","`NATHAN MEDICALS G","14/08/25 12:00:00 AM","14/08/25 12:00:00 AM","W01001066","12450"
"91","CARDIVAS 12.5","20","2","10","37","105","7.5","147","NMC","GTG0222A","31/12/26 12:00:00 AM","1002675","`NATHAN MEDICALS G","14/08/25 12:00:00 AM","14/08/25 12:00:00 AM","W01001066","12450"
"10019","CLAVIX 75MG","30","2","15","37","81.36","11.5","113.9","NMC","N2501199","31/03/27 12:00:00 AM","1002675","`NATHAN MEDICALS G","14/08/25 12:00:00 AM","14/08/25 12:00:00 AM","W01001066","12450"
"5870638","CLAVIX GOLD 10 TAB","15","1","15","37","70.18","11.5","98.25","NMC","TF25A023","30/06/26 12:00:00 AM","1002675","`NATHAN MEDICALS G","14/08/25 12:00:00 AM","14/08/25 12:00:00 AM","W01001066","12450"
"5857908","DIAMICRON-XR MEX60/ 500MG TAB","28","2","14","37","206.31","7.5","288.83","NMC","RV192436","31/08/27 12:00:00 AM","1002675","`NATHAN MEDICALS G","14/08/25 12:00:00 AM","14/08/25 12:00:00 AM","W01001066","12450"
"5863009","DILNIP 10","30","2","15","37","171.36","11.5","239.9","NMC","DNL250403","31/03/27 12:00:00 AM","1002675","`NATHAN MEDICALS G","14/08/25 12:00:00 AM","14/08/25 12:00:00 AM","W01001066","12450"
"18572","DYTOR - 10MG","30","2","15","37","80.71","12","112.99","NMC","5SN0533","31/01/28 12:00:00 AM","1002675","`NATHAN MEDICALS G","14/08/25 12:00:00 AM","14/08/25 12:00:00 AM","W01001066","12450"
"20697","DYTOR - 5MG","30","2","15","37","56.36","11.5","78.9","NMC","5SB0193","31/01/28 12:00:00 AM","1002675","`NATHAN MEDICALS G","14/08/25 12:00:00 AM","14/08/25 12:00:00 AM","W01001066","12450"
"12382","ELTROXIN 100MCG","120","1","120","37","126.72","7.5","177.41","NMC","8F9G","31/05/26 12:00:00 AM","1002675","`NATHAN MEDICALS G","14/08/25 12:00:00 AM","14/08/25 12:00:00 AM","W01001066","12450"
"21801","ELTROXIN 50MCG","120","1","120","37","85.39","7.5","119.55","NMC","CY4F","31/08/26 12:00:00 AM","1002675","`NATHAN MEDICALS G","14/08/25 12:00:00 AM","14/08/25 12:00:00 AM","W01001066","12450"
"5860442","ELTROXIN 75MCG","120","1","120","37","139.67","7.5","195.54","NMC","F87J","30/09/26 12:00:00 AM","1002675","`NATHAN MEDICALS G","14/08/25 12:00:00 AM","14/08/25 12:00:00 AM","W01001066","12450"
"19607","ETOSHINE - 90 MG","15","1","15","37","211.43","7.5","296","NMC","SIF2689A","31/05/27 12:00:00 AM","1002675","`NATHAN MEDICALS G","14/08/25 12:00:00 AM","14/08/25 12:00:00 AM","W01001066","12450"
"161","EVION 400","40","2","20","37","62.05","11","86.87","NMC","4304C5991","31/12/26 12:00:00 AM","1002675","`NATHAN MEDICALS G","14/08/25 12:00:00 AM","14/08/25 12:00:00 AM","W01001066","12450"
"58","GELUSIL  MPS TABS","150","10","15","37","18.84","29.5","26.39","NMC","2518053E","28/02/27 12:00:00 AM","1002675","`NATHAN MEDICALS G","14/08/25 12:00:00 AM","14/08/25 12:00:00 AM","W01001066","12450"
"10980","GEMER 1MG","30","2","15","37","116.78","7.5","163.5","NMC","GTG0799A","28/02/27 12:00:00 AM","1002675","`NATHAN MEDICALS G","14/08/25 12:00:00 AM","14/08/25 12:00:00 AM","W01001066","12450"
"5881728","GLIPTAGREAT M 500MG  TAB","10","1","10","37","64.13","16.5","89.78","NMC","O0FZY001","31/12/26 12:00:00 AM","1002675","`NATHAN MEDICALS G","14/08/25 12:00:00 AM","14/08/25 12:00:00 AM","W01001066","12450"
"74","GLUCORED FORTE","40","4","10","37","51.43","7.5","72","NMC","SIG0474A","31/01/28 12:00:00 AM","1002675","`NATHAN MEDICALS G","14/08/25 12:00:00 AM","14/08/25 12:00:00 AM","W01001066","12450"
"12462","GLYCOMET GP 2MG","150","10","15","37","136.43","7.5","191","NMC","60002027","31/03/27 12:00:00 AM","1002675","`NATHAN MEDICALS G","14/08/25 12:00:00 AM","14/08/25 12:00:00 AM","W01001066","12450"
"1859","GLYNASE","30","3","10","37","7.64","9","10.7","NMC","56001871","30/04/28 12:00:00 AM","1002675","`NATHAN MEDICALS G","14/08/25 12:00:00 AM","14/08/25 12:00:00 AM","W01001066","12450"
"25485","HOMIN TAB","30","2","15","37","117.86","13.5","165","NMC","MT25-227","31/03/28 12:00:00 AM","1002675","`NATHAN MEDICALS G","14/08/25 12:00:00 AM","14/08/25 12:00:00 AM","W01001066","12450"
"781","HUMINSULIN  30/70 40 I.U","2","2","1","36","139.2","8.5","174","NMC","A0030157","31/01/27 12:00:00 AM","1002675","`NATHAN MEDICALS G","14/08/25 12:00:00 AM","14/08/25 12:00:00 AM","W01001066","12450"
"781","HUMINSULIN  30/70 40 I.U","3","3","1","36","139.2","8.5","174","NMC","A0030157","31/01/27 12:00:00 AM","1002675","`NATHAN MEDICALS G","14/08/25 12:00:00 AM","14/08/25 12:00:00 AM","W01001066","12450"
"5857956","ISTAVEL 100MG TAB","100","10","10","37","111.43","7.5","156","NMC","GTG0345B","31/12/26 12:00:00 AM","1002675","`NATHAN MEDICALS G","14/08/25 12:00:00 AM","14/08/25 12:00:00 AM","W01001066","12450"
"5869631","JARDIANCE 10MG","30","3","10","37","307.5","9.5","410","NMC","24L0508","31/05/27 12:00:00 AM","1002675","`NATHAN MEDICALS G","14/08/25 12:00:00 AM","14/08/25 12:00:00 AM","W01001066","12450"
"5862896","LEVEPSY 500","30","2","15","37","135","11.5","189.01","NMC","5SN0360","31/12/26 12:00:00 AM","1002675","`NATHAN MEDICALS G","14/08/25 12:00:00 AM","14/08/25 12:00:00 AM","W01001066","12450"
"23070","LEVIPIL-500MG","105","7","15","37","154.63","7.5","216.48","NMC","GTG0805A","28/02/27 12:00:00 AM","1002675","`NATHAN MEDICALS G","14/08/25 12:00:00 AM","14/08/25 12:00:00 AM","W01001066","12450"
"5852792","LIVOGEN-XT","10","1","10","37","150.9","24.5","211.26","NMC","5160C8420","31/05/27 12:00:00 AM","1002675","`NATHAN MEDICALS G","14/08/25 12:00:00 AM","14/08/25 12:00:00 AM","W01001066","12450"
"181","MEFTAL SPAS","20","2","10","37","37.14","29","52","NMC","YMS2565","29/02/28 12:00:00 AM","1002675","`NATHAN MEDICALS G","14/08/25 12:00:00 AM","14/08/25 12:00:00 AM","W01001066","12450"
"13789","MELMET 500 SR","20","1","20","37","32.31","15","45.24","NMC","MEDS0233","30/04/27 12:00:00 AM","1002675","`NATHAN MEDICALS G","14/08/25 12:00:00 AM","14/08/25 12:00:00 AM","W01001066","12450"
"1916","METROGYL  400MG","40","2","20","37","26.73","12","34.72","NMC","BM825099","30/04/29 12:00:00 AM","1002675","`NATHAN MEDICALS G","14/08/25 12:00:00 AM","14/08/25 12:00:00 AM","W01001066","12450"
"16757","MONTEK 10","20","2","10","37","133.72","7.5","187.21","NMC","GTG1010A","31/03/27 12:00:00 AM","1002675","`NATHAN MEDICALS G","14/08/25 12:00:00 AM","14/08/25 12:00:00 AM","W01001066","12450"
"5851699","MONTEK LC","30","2","15","37","266.43","7.5","373","NMC","GTG0231A","30/06/27 12:00:00 AM","1002675","`NATHAN MEDICALS G","14/08/25 12:00:00 AM","14/08/25 12:00:00 AM","W01001066","12450"
"5861642","NULONG-10","15","1","15","37","134.29","17.5","188","NMC","NLBS0064","30/11/26 12:00:00 AM","1002675","`NATHAN MEDICALS G","14/08/25 12:00:00 AM","14/08/25 12:00:00 AM","W01001066","12450"
"5880107","WHISPER DAILY LINERS 20S","2","2","1","35","140.35","0","160","NMC","088","31/01/27 12:00:00 AM","1002703","`DR.PRADEEP","14/08/25 12:00:00 AM","14/08/25 12:00:00 AM","W01001067","281"
"25858","OLMEZEST 20MG TAB","40","4","10","37","114.29","7.5","160","NMC","SIG0209A","31/07/27 12:00:00 AM","1002675","`NATHAN MEDICALS G","14/08/25 12:00:00 AM","14/08/25 12:00:00 AM","W01001068","9151"
"193","OMEZ 20","40","2","20","37","46.65","1","65.31","NMC","E2500950","31/03/28 12:00:00 AM","1002675","`NATHAN MEDICALS G","14/08/25 12:00:00 AM","14/08/25 12:00:00 AM","W01001068","9151"
"795","OTOREX EAR DROPS","2","2","1","37","107.14","21.5","150","NMC","25070027","31/12/26 12:00:00 AM","1002675","`NATHAN MEDICALS G","14/08/25 12:00:00 AM","14/08/25 12:00:00 AM","W01001068","9151"
"5872634","OXRA 10MG TABS 14'S","14","1","14","37","170","7.5","238","NMC","SIG0674A","29/02/28 12:00:00 AM","1002675","`NATHAN MEDICALS G","14/08/25 12:00:00 AM","14/08/25 12:00:00 AM","W01001068","9151"
"5887134","OXRA S 10/100MG  TAB","30","2","15","37","229.29","7.5","321","NMC","GTG1168A","31/03/27 12:00:00 AM","1002675","`NATHAN MEDICALS G","14/08/25 12:00:00 AM","14/08/25 12:00:00 AM","W01001068","9151"
"4351","PAN 40","30","2","15","37","133.57","11.5","187","NMC","25441153","30/09/27 12:00:00 AM","1002675","`NATHAN MEDICALS G","14/08/25 12:00:00 AM","14/08/25 12:00:00 AM","W01001068","9151"
"4349","PANTOCID 40MG","30","2","15","37","138.57","7.5","194","NMC","GTG0959A","29/02/28 12:00:00 AM","1002675","`NATHAN MEDICALS G","14/08/25 12:00:00 AM","14/08/25 12:00:00 AM","W01001068","9151"
"2906","PETRIL 2","30","2","15","37","150.71","15.5","211","NMC","PTFY0063","31/10/27 12:00:00 AM","1002675","`NATHAN MEDICALS G","14/08/25 12:00:00 AM","14/08/25 12:00:00 AM","W01001068","9151"
"2503","PILEX","60","1","60","37","158.12","12.5","230","NMC","11250097","31/12/27 12:00:00 AM","1002675","`NATHAN MEDICALS G","14/08/25 12:00:00 AM","14/08/25 12:00:00 AM","W01001068","9151"
"11062","PRAZOPRESS XL 2.5","30","1","30","37","285","7.5","399","NMC","368a","28/02/27 12:00:00 AM","1002675","`NATHAN MEDICALS G","14/08/25 12:00:00 AM","14/08/25 12:00:00 AM","W01001068","9151"
"2150","PRIMOLUT N","20","2","10","37","43.83","19","61.37","NMC","064a","31/03/28 12:00:00 AM","1002675","`NATHAN MEDICALS G","14/08/25 12:00:00 AM","14/08/25 12:00:00 AM","W01001068","9151"
"2150","PRIMOLUT N","30","3","10","37","43.83","19","61.37","NMC","SA00064A","31/03/28 12:00:00 AM","1002675","`NATHAN MEDICALS G","14/08/25 12:00:00 AM","14/08/25 12:00:00 AM","W01001068","9151"
"5856484","PULMOCLEAR TAB","15","1","15","37","220","26.5","308","NMC","I0056","31/01/27 12:00:00 AM","1002675","`NATHAN MEDICALS G","14/08/25 12:00:00 AM","14/08/25 12:00:00 AM","W01001068","9151"
"4923","REFRESH TEARS E/D  10ML","2","2","1","37","107.78","10.5","140.03","NMC","119274","31/03/27 12:00:00 AM","1002675","`NATHAN MEDICALS G","14/08/25 12:00:00 AM","14/08/25 12:00:00 AM","W01001068","9151"
"26615","REVELOL AM 50/5 MG","15","1","15","37","184.21","11.5","257.9","NMC","08AS","31/10/27 12:00:00 AM","1002675","`NATHAN MEDICALS G","14/08/25 12:00:00 AM","14/08/25 12:00:00 AM","W01001068","9151"
"26615","REVELOL AM 50/5 MG","15","1","15","37","184.21","11.5","257.9","NMC","JKN014008","31/10/27 12:00:00 AM","1002675","`NATHAN MEDICALS G","14/08/25 12:00:00 AM","14/08/25 12:00:00 AM","W01001068","9151"
"2199","R-LOC 150","60","2","30","37","35.36","28","49.5","NMC","I500768","31/07/27 12:00:00 AM","1002675","`NATHAN MEDICALS G","14/08/25 12:00:00 AM","14/08/25 12:00:00 AM","W01001068","9151"
"17147","ROSUVAS 10MG","15","1","15","37","263.57","7.5","369","NMC","SIG0642A","31/08/27 12:00:00 AM","1002675","`NATHAN MEDICALS G","14/08/25 12:00:00 AM","14/08/25 12:00:00 AM","W01001068","9151"
"17549","ROZAT 10MG","15","1","15","37","171.98","13.5","240.75","NMC","E2500569","28/02/27 12:00:00 AM","1002675","`NATHAN MEDICALS G","14/08/25 12:00:00 AM","14/08/25 12:00:00 AM","W01001068","9151"
"3036","SARIDON","50","5","10","37","39.29","12","55","NMC","G25NSE025","30/04/27 12:00:00 AM","1002675","`NATHAN MEDICALS G","14/08/25 12:00:00 AM","14/08/25 12:00:00 AM","W01001068","9151"
"5853061","SHELCAL CT","15","1","15","37","288.93","7.5","404.5","NMC","GAXF0002","31/12/26 12:00:00 AM","1002675","`NATHAN MEDICALS G","14/08/25 12:00:00 AM","14/08/25 12:00:00 AM","W01001068","9151"
"11210","SOMPRAZ 40MG","30","2","15","37","128.57","7.5","180","NMC","GTF3895A","30/11/27 12:00:00 AM","1002675","`NATHAN MEDICALS G","14/08/25 12:00:00 AM","14/08/25 12:00:00 AM","W01001068","9151"
"21328","SOMPRAZ D 40MG","45","3","15","37","189.29","7.5","265","NMC","GTG0063A","31/12/26 12:00:00 AM","1002675","`NATHAN MEDICALS G","14/08/25 12:00:00 AM","14/08/25 12:00:00 AM","W01001068","9151"
"5136","T-BACT OINTMENT 5G","2","2","1","37","81.16","7.5","113.62","NMC","DF4G","31/05/26 12:00:00 AM","1002675","`NATHAN MEDICALS G","14/08/25 12:00:00 AM","14/08/25 12:00:00 AM","W01001068","9151"
"5859649","TELIBEST 40MG","10","1","10","37","56.63","17.5","75.5","NMC","S25156701","31/01/27 12:00:00 AM","1002675","`NATHAN MEDICALS G","14/08/25 12:00:00 AM","14/08/25 12:00:00 AM","W01001068","9151"
"2554","THYRONORM 25MCG","120","1","120","37","141.26","9.5","197.77","NMC","EBRE5026","30/04/27 12:00:00 AM","1002675","`NATHAN MEDICALS G","14/08/25 12:00:00 AM","14/08/25 12:00:00 AM","W01001068","9151"
"5852989","THYRONORM 75MCG","120","1","120","37","140.17","9.5","196.24","NMC","5091","31/05/27 12:00:00 AM","1002675","`NATHAN MEDICALS G","14/08/25 12:00:00 AM","14/08/25 12:00:00 AM","W01001068","9151"
"5856604","THYRONORM 88 MCG","120","1","120","37","160.97","9.5","225.36","NMC","TMG25016","30/04/27 12:00:00 AM","1002675","`NATHAN MEDICALS G","14/08/25 12:00:00 AM","14/08/25 12:00:00 AM","W01001068","9151"
"5858822","TIMOLET OD E/D","1","1","1","37","32.7","8.5","45.77","NMC","ZEG0166A","31/03/27 12:00:00 AM","1002675","`NATHAN MEDICALS G","14/08/25 12:00:00 AM","14/08/25 12:00:00 AM","W01001068","9151"
"12081","TONACT 40","15","1","15","37","231.57","10.55","324.2","NMC","UB00599","28/02/27 12:00:00 AM","1002675","`NATHAN MEDICALS G","14/08/25 12:00:00 AM","14/08/25 12:00:00 AM","W01001068","9151"
"5859945","TRAJENTA-5","10","1","10","37","254.25","9.5","339","NMC","449974","31/12/27 12:00:00 AM","1002675","`NATHAN MEDICALS G","14/08/25 12:00:00 AM","14/08/25 12:00:00 AM","W01001068","9151"
"2377","TRYPTOMER 25MG","60","2","30","37","59.64","15","83.5","NMC","D2400454","30/11/27 12:00:00 AM","1002675","`NATHAN MEDICALS G","14/08/25 12:00:00 AM","14/08/25 12:00:00 AM","W01001068","9151"
"14074","URIMAX 0.4","40","2","20","37","247.19","18.5","346.06","NMC","5SA0699","30/06/27 12:00:00 AM","1002675","`NATHAN MEDICALS G","14/08/25 12:00:00 AM","14/08/25 12:00:00 AM","W01001068","9151"
"11501","UROTONE","10","1","10","37","132.19","14.5","185.07","NMC","TBNCA2445","30/09/26 12:00:00 AM","1002675","`NATHAN MEDICALS G","14/08/25 12:00:00 AM","14/08/25 12:00:00 AM","W01001068","9151"
"6681","VOLINI SPRAY  60GM","1","1","1","37","172.14","16.5","241","NMC","XDB0227","30/11/26 12:00:00 AM","1002675","`NATHAN MEDICALS G","14/08/25 12:00:00 AM","14/08/25 12:00:00 AM","W01001068","9151"
"2433","WYSOLONE 10","30","2","15","37","15.35","14.5","19.95","NMC","ME6134","31/01/27 12:00:00 AM","1002675","`NATHAN MEDICALS G","14/08/25 12:00:00 AM","14/08/25 12:00:00 AM","W01001068","9151"
"11939","ZAPIZ 0.25MG  TAB","20","1","20","37","27.61","11.5","38.66","NMC","K2500090","31/12/27 12:00:00 AM","1002675","`NATHAN MEDICALS G","14/08/25 12:00:00 AM","14/08/25 12:00:00 AM","W01001068","9151"
"21525","ZERODOL MR TAB","20","2","10","37","93.5","9.5","130.9","NMC","0425001BH","31/12/27 12:00:00 AM","1002675","`NATHAN MEDICALS G","14/08/25 12:00:00 AM","14/08/25 12:00:00 AM","W01001068","9151"
"19340","ZERODOL P TAB","70","7","10","37","54.99","9.5","77","NMC","KVB032501","31/01/27 12:00:00 AM","1002675","`NATHAN MEDICALS G","14/08/25 12:00:00 AM","14/08/25 12:00:00 AM","W01001068","9151"
"5597","ZERODOL SP TAB","50","5","10","37","99.28","9.5","139","NMC","0725019BH","31/08/27 12:00:00 AM","1002675","`NATHAN MEDICALS G","14/08/25 12:00:00 AM","14/08/25 12:00:00 AM","W01001068","9151"
"16498","ZOLFRESH-5MG","30","2","15","37","74.51","9.5","104.32","NMC","5001","29/02/28 12:00:00 AM","1002675","`NATHAN MEDICALS G","14/08/25 12:00:00 AM","14/08/25 12:00:00 AM","W01001068","9151"
"5875055","LOREAL HAIR SERUM 40ML","1","1","1","38","176.43","0","229","NMC","015","31/08/27 12:00:00 AM","1002703","`DR.PRADEEP","14/08/25 12:00:00 AM","14/08/25 12:00:00 AM","W01001069","208"
"4852","AEROCORT ROTACAPS","4","4","1","37","98.82","9.5","138.35","NMC","5SA0460","31/08/26 12:00:00 AM","1000499","`NATHAN MEDICALS S","14/08/25 12:00:00 AM","14/08/25 12:00:00 AM","W01001070","10173"
"3747","ALDACTONE 25","60","4","15","37","26.59","10.5","37.23","NMC","02A25019","31/03/28 12:00:00 AM","1000499","`NATHAN MEDICALS S","14/08/25 12:00:00 AM","14/08/25 12:00:00 AM","W01001070","10173"
"5865412","ALLERONE TAB","10","1","10","37","65.71","13.5","92","NMC","EEI01","31/08/26 12:00:00 AM","1000499","`NATHAN MEDICALS S","14/08/25 12:00:00 AM","14/08/25 12:00:00 AM","W01001070","10173"
"1242","AMLODAC 2.5MG","60","2","30","37","42.96","12","60.14","NMC","I405361","30/11/26 12:00:00 AM","1000499","`NATHAN MEDICALS S","14/08/25 12:00:00 AM","14/08/25 12:00:00 AM","W01001070","10173"
"1241","AMLODAC 5MG","60","2","30","37","60","11.5","84","NMC","I500444","31/01/27 12:00:00 AM","1000499","`NATHAN MEDICALS S","14/08/25 12:00:00 AM","14/08/25 12:00:00 AM","W01001070","10173"
"455","AMLONG  2.5MG","150","10","15","37","21.48","16","30.07","NMC","AMAS0249","31/01/28 12:00:00 AM","1000499","`NATHAN MEDICALS S","14/08/25 12:00:00 AM","14/08/25 12:00:00 AM","W01001070","10173"
"2714","AMLONG  5MG","420","14","30","37","60","15.5","84","NMC","AMMS0111","29/02/28 12:00:00 AM","1000499","`NATHAN MEDICALS S","14/08/25 12:00:00 AM","14/08/25 12:00:00 AM","W01001070","10173"
"751","ANXIT 0.5","150","10","15","37","40","23","56","NMC","AXBS0100","31/03/28 12:00:00 AM","1000499","`NATHAN MEDICALS S","14/08/25 12:00:00 AM","14/08/25 12:00:00 AM","W01001070","10173"
"1225","ATARAX 25MG","15","1","15","37","73.75","14.5","103.25","NMC","E2500395","28/02/27 12:00:00 AM","1000499","`NATHAN MEDICALS S","14/08/25 12:00:00 AM","14/08/25 12:00:00 AM","W01001070","10173"
"774","ATEN 50","84","6","14","37","26.82","9.5","37.55","NMC","IA00014A","31/03/28 12:00:00 AM","1000499","`NATHAN MEDICALS S","14/08/25 12:00:00 AM","14/08/25 12:00:00 AM","W01001070","10173"
"5854134","ATORFIT CV 10 MG","45","3","15","37","244.29","11.5","342","NMC","GT04715","28/02/27 12:00:00 AM","1000499","`NATHAN MEDICALS S","14/08/25 12:00:00 AM","14/08/25 12:00:00 AM","W01001070","10173"
"3798","ATORVA 10MG","180","12","15","37","60.67","11.5","84.94","NMC","IA00084A","31/03/28 12:00:00 AM","1000499","`NATHAN MEDICALS S","14/08/25 12:00:00 AM","14/08/25 12:00:00 AM","W01001070","10173"
"3799","ATORVA 20MG","75","5","15","37","153.33","11.5","214.67","NMC","IA00227A","30/04/28 12:00:00 AM","1000499","`NATHAN MEDICALS S","14/08/25 12:00:00 AM","14/08/25 12:00:00 AM","W01001070","10173"
"1206","AZITHRAL 500MG","20","4","5","37","95.91","11.5","134.28","NMC","250800060","30/04/27 12:00:00 AM","1000499","`NATHAN MEDICALS S","14/08/25 12:00:00 AM","14/08/25 12:00:00 AM","W01001070","10173"
"456","AZTOR 10","30","2","15","37","60.67","7.5","84.94","NMC","SIG0603A","31/03/28 12:00:00 AM","1000499","`NATHAN MEDICALS S","14/08/25 12:00:00 AM","14/08/25 12:00:00 AM","W01001070","10173"
"3804","AZTOR 20","15","1","15","37","153.22","7.5","214.5","NMC","SIG0858A","31/03/28 12:00:00 AM","1000499","`NATHAN MEDICALS S","14/08/25 12:00:00 AM","14/08/25 12:00:00 AM","W01001070","10173"
"503","BETNOVATE-C","4","4","1","37","50.61","7.5","70.85","NMC","6B8H","31/10/26 12:00:00 AM","1000499","`NATHAN MEDICALS S","14/08/25 12:00:00 AM","14/08/25 12:00:00 AM","W01001070","10173"
"503","BETNOVATE-C","6","6","1","37","50.61","7.5","70.85","NMC","6B8H","31/10/26 12:00:00 AM","1000499","`NATHAN MEDICALS S","14/08/25 12:00:00 AM","14/08/25 12:00:00 AM","W01001070","10173"
"505","BETNOVATE-N","2","2","1","37","43.43","7.5","60.8","NMC","7S8E","31/05/26 12:00:00 AM","1000499","`NATHAN MEDICALS S","14/08/25 12:00:00 AM","14/08/25 12:00:00 AM","W01001070","10173"
"505","BETNOVATE-N","4","4","1","37","43.43","7.5","60.8","NMC","7S8E","31/05/26 12:00:00 AM","1000499","`NATHAN MEDICALS S","14/08/25 12:00:00 AM","14/08/25 12:00:00 AM","W01001070","10173"
"1471","CARDACE 5MG","60","4","15","37","98.16","7.5","137.42","NMC","4NG021","30/09/27 12:00:00 AM","1000499","`NATHAN MEDICALS S","14/08/25 12:00:00 AM","14/08/25 12:00:00 AM","W01001070","10173"
"943","CEPODEM 200MG","20","2","10","37","146.43","18.5","205","NMC","DFG0681A","31/07/27 12:00:00 AM","1000499","`NATHAN MEDICALS S","14/08/25 12:00:00 AM","14/08/25 12:00:00 AM","W01001070","10173"
"108","CETZINE","90","6","15","37","22.89","22","32.04","NMC","EMV251047","30/04/28 12:00:00 AM","1000499","`NATHAN MEDICALS S","14/08/25 12:00:00 AM","14/08/25 12:00:00 AM","W01001070","10173"
"9848","CILACAR 5MG","90","6","15","37","100.71","9.5","140.99","NMC","KC825002","31/03/28 12:00:00 AM","1000499","`NATHAN MEDICALS S","14/08/25 12:00:00 AM","14/08/25 12:00:00 AM","W01001070","10173"
"5856741","CILACAR-T","15","1","15","37","202.57","9.5","283.59","NMC","K4T25017","30/04/27 12:00:00 AM","1000499","`NATHAN MEDICALS S","14/08/25 12:00:00 AM","14/08/25 12:00:00 AM","W01001070","10173"
"5856741","CILACAR-T","30","2","15","37","202.57","9.5","283.59","NMC","K4T25017","30/04/27 12:00:00 AM","1000499","`NATHAN MEDICALS S","14/08/25 12:00:00 AM","14/08/25 12:00:00 AM","W01001070","10173"
"10023","CLOPILET 75MG","60","4","15","37","81.3","7.5","113.82","NMC","GTG1093A","31/03/27 12:00:00 AM","1000499","`NATHAN MEDICALS S","14/08/25 12:00:00 AM","14/08/25 12:00:00 AM","W01001070","10173"
"112","CYCLOPAM","40","4","10","37","45.29","20.5","63.4","NMC","24070606","30/04/26 12:00:00 AM","1000499","`NATHAN MEDICALS S","14/08/25 12:00:00 AM","14/08/25 12:00:00 AM","W01001070","10173"
"133","DIBIZIDE-M","50","5","10","37","12.14","18","17","NMC","BMIH0086","31/05/27 12:00:00 AM","1000499","`NATHAN MEDICALS S","14/08/25 12:00:00 AM","14/08/25 12:00:00 AM","W01001070","10173"
"113","DOLO   650 TAB","450","30","15","37","24.11","29.5","33.76","NMC","DOBS3980","28/02/29 12:00:00 AM","1000499","`NATHAN MEDICALS S","14/08/25 12:00:00 AM","14/08/25 12:00:00 AM","W01001070","10173"
"18572","DYTOR - 10MG","90","6","15","37","80.71","12","112.99","NMC","5SN0533","31/01/28 12:00:00 AM","1000499","`NATHAN MEDICALS S","14/08/25 12:00:00 AM","14/08/25 12:00:00 AM","W01001070","10173"
"20697","DYTOR - 5MG","120","8","15","37","56.36","11.5","78.9","NMC","5SB0193","31/01/28 12:00:00 AM","1000499","`NATHAN MEDICALS S","14/08/25 12:00:00 AM","14/08/25 12:00:00 AM","W01001070","10173"
"25716","DYTOR PLUS 10MG","15","1","15","37","84.89","11.5","118.85","NMC","5SB0257","28/02/27 12:00:00 AM","1000499","`NATHAN MEDICALS S","14/08/25 12:00:00 AM","14/08/25 12:00:00 AM","W01001070","10173"
"157","ELDOPER","60","4","15","37","45.48","39.5","63.67","NMC","ELAS0289","31/07/28 12:00:00 AM","1000499","`NATHAN MEDICALS S","14/08/25 12:00:00 AM","14/08/25 12:00:00 AM","W01001071","11167"
"5870890","ELECTRAL 21.80G","6","6","1","36","17.26","15.5","22.66","NMC","035B116","31/01/27 12:00:00 AM","1000499","`NATHAN MEDICALS S","14/08/25 12:00:00 AM","14/08/25 12:00:00 AM","W01001071","11167"
"5857720","ELTROXIN 25MCG","240","2","120","37","140.65","7.5","196.91","NMC","EU8E","30/09/26 12:00:00 AM","1000499","`NATHAN MEDICALS S","14/08/25 12:00:00 AM","14/08/25 12:00:00 AM","W01001071","11167"
"5854649","EPILIVE 500MG","30","2","15","37","158.43","12.5","221.8","NMC","JB01118","30/04/27 12:00:00 AM","1000499","`NATHAN MEDICALS S","14/08/25 12:00:00 AM","14/08/25 12:00:00 AM","W01001071","11167"
"161","EVION 400","200","10","20","37","62.05","11","86.87","NMC","4304C5991","31/12/26 12:00:00 AM","1000499","`NATHAN MEDICALS S","14/08/25 12:00:00 AM","14/08/25 12:00:00 AM","W01001071","11167"
"5855242","FOLLIHAIR TAB","15","1","15","38","276.61","17.5","408","NMC","TLL0046","31/08/26 12:00:00 AM","1000499","`NATHAN MEDICALS S","14/08/25 12:00:00 AM","14/08/25 12:00:00 AM","W01001071","11167"
"12617","FORACORT  200 ROTACAPS","6","6","1","37","137.28","11.5","192.19","NMC","4BA2331","30/09/26 12:00:00 AM","1000499","`NATHAN MEDICALS S","14/08/25 12:00:00 AM","14/08/25 12:00:00 AM","W01001071","11167"
"1119","FUCIBET CREAM","3","3","1","37","67.86","10","95","NMC","SXG0865A","30/09/26 12:00:00 AM","1000499","`NATHAN MEDICALS S","14/08/25 12:00:00 AM","14/08/25 12:00:00 AM","W01001071","11167"
"58","GELUSIL  MPS TABS","150","10","15","37","18.84","29.5","26.39","NMC","2518053E","28/02/27 12:00:00 AM","1000499","`NATHAN MEDICALS S","14/08/25 12:00:00 AM","14/08/25 12:00:00 AM","W01001071","11167"
"74","GLUCORED FORTE","100","10","10","37","51.43","7.5","72","NMC","SIG0474A","31/01/28 12:00:00 AM","1000499","`NATHAN MEDICALS S","14/08/25 12:00:00 AM","14/08/25 12:00:00 AM","W01001071","11167"
"1677","GLYCINORM M 40MG  TAB","30","2","15","37","92.64","11.5","129.7","NMC","HTJ052500","31/12/26 12:00:00 AM","1000499","`NATHAN MEDICALS S","14/08/25 12:00:00 AM","14/08/25 12:00:00 AM","W01001071","11167"
"1675","GLYCINORM M 80MG  TAB","45","3","15","37","182.54","11.5","255.55","NMC","L0925002A","31/01/29 12:00:00 AM","1000499","`NATHAN MEDICALS S","14/08/25 12:00:00 AM","14/08/25 12:00:00 AM","W01001071","11167"
"12461","GLYCOMET GP 1MG","150","10","15","37","93.22","7.5","130.5","NMC","60001997","31/03/27 12:00:00 AM","1000499","`NATHAN MEDICALS S","14/08/25 12:00:00 AM","14/08/25 12:00:00 AM","W01001071","11167"
"24318","HAPPI D","30","2","15","37","271.66","27","380.32","NMC","I501570","28/02/27 12:00:00 AM","1000499","`NATHAN MEDICALS S","14/08/25 12:00:00 AM","14/08/25 12:00:00 AM","W01001071","11167"
"25485","HOMIN TAB","45","3","15","37","117.86","13.5","165","NMC","MT25-227","31/03/28 12:00:00 AM","1000499","`NATHAN MEDICALS S","14/08/25 12:00:00 AM","14/08/25 12:00:00 AM","W01001071","11167"
"785","HUMINSULIN  N 40 I.U","3","3","1","36","139.2","8.5","174","NMC","A0020021","31/12/26 12:00:00 AM","1000499","`NATHAN MEDICALS S","14/08/25 12:00:00 AM","14/08/25 12:00:00 AM","W01001071","11167"
"16126","HUMINSULIN- 30/70 CARTRIDGES","1","1","1","36","412.72","8.5","515.9","NMC","D815478A","30/09/27 12:00:00 AM","1000499","`NATHAN MEDICALS S","14/08/25 12:00:00 AM","14/08/25 12:00:00 AM","W01001071","11167"
"16126","HUMINSULIN- 30/70 CARTRIDGES","2","2","1","36","412.72","8.5","515.9","NMC","D815478A","30/09/27 12:00:00 AM","1000499","`NATHAN MEDICALS S","14/08/25 12:00:00 AM","14/08/25 12:00:00 AM","W01001071","11167"
"5858563","ISTAMET 50/500MG","150","10","15","37","122.14","7.5","171","NMC","SIG0348A","31/01/27 12:00:00 AM","1000499","`NATHAN MEDICALS S","14/08/25 12:00:00 AM","14/08/25 12:00:00 AM","W01001071","11167"
"5853745","JALRA 50","15","1","15","37","235.72","7.5","330","NMC","48019812","31/10/26 12:00:00 AM","1000499","`NATHAN MEDICALS S","14/08/25 12:00:00 AM","14/08/25 12:00:00 AM","W01001071","11167"
"5853704","KETO SOAP 125GM","1","1","1","38","195.93","15.5","289","NMC","HKS5078","30/04/28 12:00:00 AM","1000499","`NATHAN MEDICALS S","14/08/25 12:00:00 AM","14/08/25 12:00:00 AM","W01001071","11167"
"5853704","KETO SOAP 125GM","6","6","1","38","195.93","15.5","289","NMC","HKS5078","30/04/28 12:00:00 AM","1000499","`NATHAN MEDICALS S","14/08/25 12:00:00 AM","14/08/25 12:00:00 AM","W01001071","11167"
"21565","KETO SOAP 50G","1","1","1","38","92.88","16.5","137","NMC","HKS2392","30/04/28 12:00:00 AM","1000499","`NATHAN MEDICALS S","14/08/25 12:00:00 AM","14/08/25 12:00:00 AM","W01001071","11167"
"21565","KETO SOAP 50G","4","4","1","38","92.88","16.5","137","NMC","HKS2392","30/04/28 12:00:00 AM","1000499","`NATHAN MEDICALS S","14/08/25 12:00:00 AM","14/08/25 12:00:00 AM","W01001071","11167"
"20847","KRIMSON - 35 MG","1","1","1","37","342.14","7.5","479","NMC","GKG0229A","31/01/28 12:00:00 AM","1000499","`NATHAN MEDICALS S","14/08/25 12:00:00 AM","14/08/25 12:00:00 AM","W01001071","11167"
"5891559","BOURNVILLE 70%  CHOCO","2","2","1","38","98.36","0","130","NMC","0","31/01/26 12:00:00 AM","1002791","`GIRI","14/08/25 12:00:00 AM","14/08/25 12:00:00 AM","W01001072","552"
"5876338","DRY BLUE BERRY 150GM (DM)","1","1","1","35","320","0","400","NMC","QS","28/02/26 12:00:00 AM","1002791","`GIRI","14/08/25 12:00:00 AM","14/08/25 12:00:00 AM","W01001072","552"
"5871809","DEXORIM SYP 100ML","5","5","1","37","69.97","0","93.3","NMC","3302","31/12/26 12:00:00 AM","1000119","`NATHAN MEDICALS","15/08/25 12:00:00 AM","15/08/25 12:00:00 AM","W01001073","844"
"5885626","IMACT INJ 50ML [VET]","3","3","1","37","75","0","140","NMC","1581","31/05/27 12:00:00 AM","1000119","`NATHAN MEDICALS","15/08/25 12:00:00 AM","15/08/25 12:00:00 AM","W01001073","844"
"5871793","PROLYVIT SYP 200ML","2","2","1","37","89.28","0","120","NMC","4072","31/07/26 12:00:00 AM","1000119","`NATHAN MEDICALS","15/08/25 12:00:00 AM","15/08/25 12:00:00 AM","W01001073","844"
"22558","LEVOLIN ROTACAP","3","3","1","37","29.01","14.5","40.62","NMC","4SA2365","30/09/26 12:00:00 AM","1000499","`NATHAN MEDICALS S","15/08/25 12:00:00 AM","15/08/25 12:00:00 AM","W01001074","10017"
"5885075","METOSARTAN LN 25MG  TAB","20","2","10","37","103.57","7.5","145","NMC","PGC0036","30/09/26 12:00:00 AM","1000499","`NATHAN MEDICALS S","15/08/25 12:00:00 AM","15/08/25 12:00:00 AM","W01001074","10017"
"5853515","MONDESLOR TAB","10","1","10","37","173.57","7.5","243","NMC","GTF3573B","31/10/26 12:00:00 AM","1000499","`NATHAN MEDICALS S","15/08/25 12:00:00 AM","15/08/25 12:00:00 AM","W01001074","10017"
"251","NEUROBION FORTE INJ","10","10","1","37","14.14","14.5","19.8","NMC","3701","31/03/26 12:00:00 AM","1000499","`NATHAN MEDICALS S","15/08/25 12:00:00 AM","15/08/25 12:00:00 AM","W01001074","10017"
"5852772","NICOGUM-2(CHEWING GUM)","12","1","12","38","82.03","9.5","121","NMC","5M50127","31/01/27 12:00:00 AM","1000499","`NATHAN MEDICALS S","15/08/25 12:00:00 AM","15/08/25 12:00:00 AM","W01001074","10017"
"5852772","NICOGUM-2(CHEWING GUM)","24","2","12","38","82.03","9.5","121","NMC","5M50127","31/01/27 12:00:00 AM","1000499","`NATHAN MEDICALS S","15/08/25 12:00:00 AM","15/08/25 12:00:00 AM","W01001074","10017"
"5860548","NODOSIS TAB","150","10","15","37","38.57","44","54","NMC","SM2T25028","31/01/27 12:00:00 AM","1000499","`NATHAN MEDICALS S","15/08/25 12:00:00 AM","15/08/25 12:00:00 AM","W01001074","10017"
"193","OMEZ 20","80","4","20","37","46.65","18","65.31","NMC","E2500950","31/03/28 12:00:00 AM","1000499","`NATHAN MEDICALS S","15/08/25 12:00:00 AM","15/08/25 12:00:00 AM","W01001074","10017"
"18542","PAN - D CAP","150","10","15","37","181.43","11.5","254","NMC","25441539","31/03/27 12:00:00 AM","1000499","`NATHAN MEDICALS S","15/08/25 12:00:00 AM","15/08/25 12:00:00 AM","W01001074","10017"
"4351","PAN 40","150","10","15","37","133.57","11.5","187","NMC","25441153","30/09/27 12:00:00 AM","1000499","`NATHAN MEDICALS S","15/08/25 12:00:00 AM","15/08/25 12:00:00 AM","W01001074","10017"
"4349","PANTOCID 40MG","105","7","15","37","138.57","7.5","194","NMC","GTG0959A","29/02/28 12:00:00 AM","1000499","`NATHAN MEDICALS S","15/08/25 12:00:00 AM","15/08/25 12:00:00 AM","W01001074","10017"
"2922","PARKIN","105","7","15","37","16.43","18","23.01","NMC","PNAS0076","30/04/28 12:00:00 AM","1000499","`NATHAN MEDICALS S","15/08/25 12:00:00 AM","15/08/25 12:00:00 AM","W01001074","10017"
"14041","PETRIL 0.5","90","6","15","37","41.4","17.5","57.96","NMC","PEAS0037","31/12/27 12:00:00 AM","1000499","`NATHAN MEDICALS S","15/08/25 12:00:00 AM","15/08/25 12:00:00 AM","W01001074","10017"
"2503","PILEX","120","2","60","37","158.12","12.5","230","NMC","11250097","31/12/27 12:00:00 AM","1000499","`NATHAN MEDICALS S","15/08/25 12:00:00 AM","15/08/25 12:00:00 AM","W01001074","10017"
"5882315","PILEX FORTE OINT  30GM (PILEX OINT)","3","3","1","37","99.69","21","145","NMC","442500090","31/12/27 12:00:00 AM","1000499","`NATHAN MEDICALS S","15/08/25 12:00:00 AM","15/08/25 12:00:00 AM","W01001074","10017"
"2146","PRACTIN 4MG","50","5","10","37","33.57","18","47","NMC","D2500109","31/03/28 12:00:00 AM","1000499","`NATHAN MEDICALS S","15/08/25 12:00:00 AM","15/08/25 12:00:00 AM","W01001074","10017"
"11062","PRAZOPRESS XL 2.5","30","1","30","37","285","7.5","399","NMC","368a","28/02/27 12:00:00 AM","1000499","`NATHAN MEDICALS S","15/08/25 12:00:00 AM","15/08/25 12:00:00 AM","W01001074","10017"
"5857057","PRED FORTE E/D","1","1","1","37","50.52","11","65.63","NMC","119779","31/03/27 12:00:00 AM","1000499","`NATHAN MEDICALS S","15/08/25 12:00:00 AM","15/08/25 12:00:00 AM","W01001074","10017"
"349","RANTAC 150","180","6","30","37","38.68","20.5","54.15","NMC","TR325069","30/09/26 12:00:00 AM","1000499","`NATHAN MEDICALS S","15/08/25 12:00:00 AM","15/08/25 12:00:00 AM","W01001074","10017"
"4923","REFRESH TEARS E/D  10ML","1","1","1","37","107.78","10.5","140.03","NMC","119274","31/03/27 12:00:00 AM","1000499","`NATHAN MEDICALS S","15/08/25 12:00:00 AM","15/08/25 12:00:00 AM","W01001074","10017"
"4923","REFRESH TEARS E/D  10ML","4","4","1","37","107.78","10.5","140.03","NMC","119274","31/03/27 12:00:00 AM","1000499","`NATHAN MEDICALS S","15/08/25 12:00:00 AM","15/08/25 12:00:00 AM","W01001074","10017"
"4417","REPACE 50","20","2","10","37","73.57","8","103","NMC","SIF2849A","30/11/27 12:00:00 AM","1000499","`NATHAN MEDICALS S","15/08/25 12:00:00 AM","15/08/25 12:00:00 AM","W01001074","10017"
"886","ROCALTROL 0.25MCG","20","2","10","37","270.02","14.5","378.03","NMC","RCA25002C","30/04/27 12:00:00 AM","1000499","`NATHAN MEDICALS S","15/08/25 12:00:00 AM","15/08/25 12:00:00 AM","W01001074","10017"
"17148","ROSUVAS 20MG","10","1","10","37","335","7.5","469","NMC","SIG0426A","31/07/27 12:00:00 AM","1000499","`NATHAN MEDICALS S","15/08/25 12:00:00 AM","15/08/25 12:00:00 AM","W01001074","10017"
"17148","ROSUVAS 20MG","30","3","10","37","335","7.5","469","NMC","SIG0426A","31/07/27 12:00:00 AM","1000499","`NATHAN MEDICALS S","15/08/25 12:00:00 AM","15/08/25 12:00:00 AM","W01001074","10017"
"3036","SARIDON","30","3","10","37","39.29","12","55","NMC","G25NSE025","30/04/27 12:00:00 AM","1000499","`NATHAN MEDICALS S","15/08/25 12:00:00 AM","15/08/25 12:00:00 AM","W01001074","10017"
"3036","SARIDON","70","7","10","37","39.29","12","55","NMC","G25NSE025","30/04/27 12:00:00 AM","1000499","`NATHAN MEDICALS S","15/08/25 12:00:00 AM","15/08/25 12:00:00 AM","W01001074","10017"
"5857957","ISTAVEL 50MG TAB","70","7","10","37","72.86","7.5","102","NMC","GTG0980A","28/02/27 12:00:00 AM","1000499","`NATHAN MEDICALS S","15/08/25 12:00:00 AM","15/08/25 12:00:00 AM","W01001075","14307"
"758","SHELCAL 500","105","7","15","37","113.29","7.5","158.6","NMC","8LV2M061","31/12/26 12:00:00 AM","1000499","`NATHAN MEDICALS S","15/08/25 12:00:00 AM","15/08/25 12:00:00 AM","W01001075","14307"
"2264","SILYBON-140","10","1","10","37","155","27.5","217","NMC","SIBS0030","30/09/27 12:00:00 AM","1000499","`NATHAN MEDICALS S","15/08/25 12:00:00 AM","15/08/25 12:00:00 AM","W01001075","14307"
"11210","SOMPRAZ 40MG","75","5","15","37","128.57","7.5","180","NMC","GTF3895A","30/11/27 12:00:00 AM","1000499","`NATHAN MEDICALS S","15/08/25 12:00:00 AM","15/08/25 12:00:00 AM","W01001075","14307"
"321","STAMLO 5MG","60","2","30","37","60.96","13.5","85.34","NMC","E2500863","31/03/28 12:00:00 AM","1000499","`NATHAN MEDICALS S","15/08/25 12:00:00 AM","15/08/25 12:00:00 AM","W01001075","14307"
"36","SUPRADYN","60","4","15","37","47.39","14","66.35","NMC","MH1007","31/07/26 12:00:00 AM","1000499","`NATHAN MEDICALS S","15/08/25 12:00:00 AM","15/08/25 12:00:00 AM","W01001075","14307"
"17938","TAXIM-O 200","10","1","10","37","78.21","12.5","109.49","NMC","25460354","31/01/27 12:00:00 AM","1000499","`NATHAN MEDICALS S","15/08/25 12:00:00 AM","15/08/25 12:00:00 AM","W01001075","14307"
"17938","TAXIM-O 200","20","2","10","37","79.56","12.5","111.39","NMC","25460557","31/03/27 12:00:00 AM","1000499","`NATHAN MEDICALS S","15/08/25 12:00:00 AM","15/08/25 12:00:00 AM","W01001075","14307"
"5136","T-BACT OINTMENT 5G","10","10","1","37","81.16","7.5","113.62","NMC","DF4G","31/05/26 12:00:00 AM","1000499","`NATHAN MEDICALS S","15/08/25 12:00:00 AM","15/08/25 12:00:00 AM","W01001075","14307"
"20624","TEAR EYE DROPS","1","1","1","37","98.31","8.5","137.64","NMC","GTF3452A","31/10/26 12:00:00 AM","1000499","`NATHAN MEDICALS S","15/08/25 12:00:00 AM","15/08/25 12:00:00 AM","W01001075","14307"
"13436","TELMA  20","120","4","30","37","92.57","9.5","129.59","NMC","18240194","28/02/27 12:00:00 AM","1000499","`NATHAN MEDICALS S","15/08/25 12:00:00 AM","15/08/25 12:00:00 AM","W01001075","14307"
"13437","TELMA  40","120","4","30","37","162.24","9.5","227.14","NMC","05241184A","31/07/27 12:00:00 AM","1000499","`NATHAN MEDICALS S","15/08/25 12:00:00 AM","15/08/25 12:00:00 AM","W01001075","14307"
"4969","THYRONORM 100MCG","480","4","120","37","128.64","9.5","180.09","NMC","5021","31/03/27 12:00:00 AM","1000499","`NATHAN MEDICALS S","15/08/25 12:00:00 AM","15/08/25 12:00:00 AM","W01001075","14307"
"5860621","THYRONORM 12.5","240","2","120","37","144.55","9.5","202.37","NMC","AEL0149","31/03/27 12:00:00 AM","1000499","`NATHAN MEDICALS S","15/08/25 12:00:00 AM","15/08/25 12:00:00 AM","W01001075","14307"
"5852202","THYRONORM 125MCG","120","1","120","37","165.06","9.5","231.08","NMC","TMJ25027","30/04/27 12:00:00 AM","1000499","`NATHAN MEDICALS S","15/08/25 12:00:00 AM","15/08/25 12:00:00 AM","W01001075","14307"
"2554","THYRONORM 25MCG","480","4","120","37","141.26","9.5","197.77","NMC","EBRE5026","30/04/27 12:00:00 AM","1000499","`NATHAN MEDICALS S","15/08/25 12:00:00 AM","15/08/25 12:00:00 AM","W01001075","14307"
"4968","THYRONORM 50MCG","240","2","120","37","100.59","9.5","140.83","NMC","TMD25138","31/05/27 12:00:00 AM","1000499","`NATHAN MEDICALS S","15/08/25 12:00:00 AM","15/08/25 12:00:00 AM","W01001075","14307"
"4968","THYRONORM 50MCG","360","3","120","37","100.59","9.5","140.83","NMC","5169","31/05/27 12:00:00 AM","1000499","`NATHAN MEDICALS S","15/08/25 12:00:00 AM","15/08/25 12:00:00 AM","W01001075","14307"
"5852989","THYRONORM 75MCG","360","3","120","37","140.17","9.5","196.24","NMC","EBRC5017","31/03/27 12:00:00 AM","1000499","`NATHAN MEDICALS S","15/08/25 12:00:00 AM","15/08/25 12:00:00 AM","W01001075","14307"
"5883836","UDAPA 10MG  TAB","10","1","10","37","107.86","7.5","151","NMC","RF05033A","30/04/28 12:00:00 AM","1000499","`NATHAN MEDICALS S","15/08/25 12:00:00 AM","15/08/25 12:00:00 AM","W01001075","14307"
"14074","URIMAX 0.4","40","2","20","37","247.19","18.5","346.06","NMC","5SA0699","30/06/27 12:00:00 AM","1000499","`NATHAN MEDICALS S","15/08/25 12:00:00 AM","15/08/25 12:00:00 AM","W01001075","14307"
"13766","VALPRID  CR 300","45","3","15","37","74.51","17.5","104.32","NMC","VCBS0091","30/04/28 12:00:00 AM","1000499","`NATHAN MEDICALS S","15/08/25 12:00:00 AM","15/08/25 12:00:00 AM","W01001075","14307"
"2487","VERTIN 16MG [VERTIN DT 16MG]","60","4","15","37","281.2","9.5","393.65","NMC","RBIB24027","31/10/27 12:00:00 AM","1000499","`NATHAN MEDICALS S","15/08/25 12:00:00 AM","15/08/25 12:00:00 AM","W01001075","14307"
"5879294","VOLINI MAXX SPRAY 25GM","10","10","1","37","84.29","24","118","NMC","GSC0042","30/09/27 12:00:00 AM","1000499","`NATHAN MEDICALS S","15/08/25 12:00:00 AM","15/08/25 12:00:00 AM","W01001075","14307"
"5859919","VOLINI SPRAY 15GM","20","20","1","37","59.29","16.5","83","NMC","0020","30/04/27 12:00:00 AM","1000499","`NATHAN MEDICALS S","15/08/25 12:00:00 AM","15/08/25 12:00:00 AM","W01001075","14307"
"5877417","VYMADA 50MG TAB","56","4","14","37","507.85","9.5","711","NMC","TKPX3","31/12/27 12:00:00 AM","1000499","`NATHAN MEDICALS S","15/08/25 12:00:00 AM","15/08/25 12:00:00 AM","W01001075","14307"
"5856876","WALGLIM M2","50","5","10","37","51.38","17.5","68.5","NMC","AFI02ADA","31/03/27 12:00:00 AM","1000499","`NATHAN MEDICALS S","15/08/25 12:00:00 AM","15/08/25 12:00:00 AM","W01001075","14307"
"2434","WYSOLONE  5","150","10","15","37","8.87","14.5","11.54","NMC","MJ8932","31/03/27 12:00:00 AM","1000499","`NATHAN MEDICALS S","15/08/25 12:00:00 AM","15/08/25 12:00:00 AM","W01001075","14307"
"11939","ZAPIZ 0.25MG  TAB","100","5","20","37","27.61","11.5","38.66","NMC","K2500090","31/12/27 12:00:00 AM","1000499","`NATHAN MEDICALS S","15/08/25 12:00:00 AM","15/08/25 12:00:00 AM","W01001075","14307"
"22137","ZINCOVIT  TAB","105","7","15","38","77.97","14.5","115","NMC","ZVT25108","31/10/26 12:00:00 AM","1000499","`NATHAN MEDICALS S","15/08/25 12:00:00 AM","15/08/25 12:00:00 AM","W01001075","14307"
"8629","ZOLFRESH-10MG","30","2","15","37","103.89","9.5","145.44","NMC","ZLA25011","31/03/28 12:00:00 AM","1000499","`NATHAN MEDICALS S","15/08/25 12:00:00 AM","15/08/25 12:00:00 AM","W01001075","14307"
"16498","ZOLFRESH-5MG","30","2","15","37","74.51","9.5","104.32","NMC","5001","29/02/28 12:00:00 AM","1000499","`NATHAN MEDICALS S","15/08/25 12:00:00 AM","15/08/25 12:00:00 AM","W01001075","14307"
"22286","AMRUTANJAN YELLOW  9G","1","1","1","37","34.16","0","44","NMC","1107","31/05/28 12:00:00 AM","1002675","`NATHAN MEDICALS G","15/08/25 12:00:00 AM","15/08/25 12:00:00 AM","W01001076","383"
"22286","AMRUTANJAN YELLOW  9G","9","9","1","37","34.16","0","44","NMC","1107","31/05/28 12:00:00 AM","1002675","`NATHAN MEDICALS G","15/08/25 12:00:00 AM","15/08/25 12:00:00 AM","W01001076","383"
"5865188","ACITROM 0.5MG","10","1","10","37","54.74","9.5","76.63","NMC","MPK0166","30/11/26 12:00:00 AM","1000119","`NATHAN MEDICALS","15/08/25 12:00:00 AM","15/08/25 12:00:00 AM","W01001077","12417"
"5865188","ACITROM 0.5MG","20","2","10","37","54.74","9.5","76.63","NMC","MPK0166","30/11/26 12:00:00 AM","1000119","`NATHAN MEDICALS","15/08/25 12:00:00 AM","15/08/25 12:00:00 AM","W01001077","12417"
"1242","AMLODAC 2.5MG","30","1","30","37","42.96","12","60.14","NMC","I405361","30/11/26 12:00:00 AM","1000119","`NATHAN MEDICALS","15/08/25 12:00:00 AM","15/08/25 12:00:00 AM","W01001077","12417"
"391","AMLONG A","30","2","15","37","124.29","15.5","174","NMC","AMDS0190","30/04/27 12:00:00 AM","1000119","`NATHAN MEDICALS","15/08/25 12:00:00 AM","15/08/25 12:00:00 AM","W01001077","12417"
"5868904","AZTOLET 10MG","30","3","10","37","145.71","7.5","204","NMC","FHC0240","29/02/28 12:00:00 AM","1000119","`NATHAN MEDICALS","15/08/25 12:00:00 AM","15/08/25 12:00:00 AM","W01001077","12417"
"18625","BECOSULES  CAP","80","4","20","37","45.36","16","60.49","NMC","2529018O","31/07/26 12:00:00 AM","1000119","`NATHAN MEDICALS","15/08/25 12:00:00 AM","15/08/25 12:00:00 AM","W01001077","12417"
"503","BETNOVATE-C","5","5","1","37","50.61","7.5","70.85","NMC","6B8H","31/10/26 12:00:00 AM","1000119","`NATHAN MEDICALS","15/08/25 12:00:00 AM","15/08/25 12:00:00 AM","W01001077","12417"
"5022","CANDID B CREAM  10GM","1","1","1","37","90","19.5","126","NMC","11250052","31/12/26 12:00:00 AM","1000119","`NATHAN MEDICALS","15/08/25 12:00:00 AM","15/08/25 12:00:00 AM","W01001077","12417"
"5740","CANDID POWDER 120G","2","2","1","37","124.29","22.5","174","NMC","71250020","31/12/28 12:00:00 AM","1000119","`NATHAN MEDICALS","15/08/25 12:00:00 AM","15/08/25 12:00:00 AM","W01001077","12417"
"1469","CARDACE 2.5MG","45","3","15","37","62.52","7.5","87.53","NMC","4NG035","30/11/27 12:00:00 AM","1000119","`NATHAN MEDICALS","15/08/25 12:00:00 AM","15/08/25 12:00:00 AM","W01001077","12417"
"133","DIBIZIDE-M","20","2","10","37","12.14","18","17","NMC","BMIH0086","31/05/27 12:00:00 AM","1000119","`NATHAN MEDICALS","15/08/25 12:00:00 AM","15/08/25 12:00:00 AM","W01001077","12417"
"133","DIBIZIDE-M","30","3","10","37","12.14","18","17","NMC","BMIH0086","31/05/27 12:00:00 AM","1000119","`NATHAN MEDICALS","15/08/25 12:00:00 AM","15/08/25 12:00:00 AM","W01001077","12417"
"113","DOLO   650 TAB","900","60","15","37","24.11","29.5","33.76","NMC","DOBS3909","31/12/28 12:00:00 AM","1000119","`NATHAN MEDICALS","15/08/25 12:00:00 AM","15/08/25 12:00:00 AM","W01001077","12417"
"21801","ELTROXIN 50MCG","120","1","120","37","86.88","7.5","121.63","NMC","FJ7D","30/09/26 12:00:00 AM","1000119","`NATHAN MEDICALS","15/08/25 12:00:00 AM","15/08/25 12:00:00 AM","W01001077","12417"
"19607","ETOSHINE - 90 MG","15","1","15","37","211.43","7.5","296","NMC","SIF2689A","31/05/27 12:00:00 AM","1000119","`NATHAN MEDICALS","15/08/25 12:00:00 AM","15/08/25 12:00:00 AM","W01001077","12417"
"5854893","GALVUS MET 50/500MG","30","2","15","37","257.98","9.5","361.17","NMC","Y92MLBQ4","28/02/26 12:00:00 AM","1000119","`NATHAN MEDICALS","15/08/25 12:00:00 AM","15/08/25 12:00:00 AM","W01001077","12417"
"5849767","GLIMISAVE M-2MG","15","1","15","37","172.54","11.5","241.56","NMC","AGLV25002","31/01/28 12:00:00 AM","1000119","`NATHAN MEDICALS","15/08/25 12:00:00 AM","15/08/25 12:00:00 AM","W01001077","12417"
"431","GLYNASE MF","10","1","10","37","14.54","9","20.35","NMC","04011225","31/08/26 12:00:00 AM","1000119","`NATHAN MEDICALS","15/08/25 12:00:00 AM","15/08/25 12:00:00 AM","W01001077","12417"
"431","GLYNASE MF","20","2","10","37","14.54","9","20.35","NMC","04011225","31/08/26 12:00:00 AM","1000119","`NATHAN MEDICALS","15/08/25 12:00:00 AM","15/08/25 12:00:00 AM","W01001077","12417"
"25485","HOMIN TAB","30","2","15","37","117.86","13.5","165","NMC","MT25-227","31/03/28 12:00:00 AM","1000119","`NATHAN MEDICALS","15/08/25 12:00:00 AM","15/08/25 12:00:00 AM","W01001077","12417"
"781","HUMINSULIN  30/70 40 I.U","3","3","1","36","139.2","8.5","174","NMC","A0030157","31/01/27 12:00:00 AM","1000119","`NATHAN MEDICALS","15/08/25 12:00:00 AM","15/08/25 12:00:00 AM","W01001077","12417"
"783","HUMINSULIN  50/50 40 I.U","2","2","1","36","152.8","8.5","191","NMC","0022","31/12/26 12:00:00 AM","1000119","`NATHAN MEDICALS","15/08/25 12:00:00 AM","15/08/25 12:00:00 AM","W01001077","12417"
"785","HUMINSULIN  N 40 I.U","1","1","1","36","139.2","8.5","174","NMC","A0020021","31/12/26 12:00:00 AM","1000119","`NATHAN MEDICALS","15/08/25 12:00:00 AM","15/08/25 12:00:00 AM","W01001077","12417"
"16127","HUMINSULIN- R CARTRIDGES","2","2","1","36","412.72","8.5","515.9","NMC","D765322C","30/04/27 12:00:00 AM","1000119","`NATHAN MEDICALS","15/08/25 12:00:00 AM","15/08/25 12:00:00 AM","W01001077","12417"
"21321","INSUGEN-30/70-40","3","3","1","36","142.4","9.5","178","NMC","V24ITF405","31/01/28 12:00:00 AM","1000119","`NATHAN MEDICALS","15/08/25 12:00:00 AM","15/08/25 12:00:00 AM","W01001077","12417"
"5853704","KETO SOAP 125GM","6","6","1","38","195.93","15.5","289","NMC","HKS5078","30/04/28 12:00:00 AM","1000119","`NATHAN MEDICALS","15/08/25 12:00:00 AM","15/08/25 12:00:00 AM","W01001077","12417"
"5885790","LINARES 5MG   TAB","30","3","10","37","117.75","11.5","164.85","NMC","ALNS25001","31/01/28 12:00:00 AM","1000119","`NATHAN MEDICALS","15/08/25 12:00:00 AM","15/08/25 12:00:00 AM","W01001077","12417"
"1588","LIVOGEN-Z","150","10","15","37","75.44","15.5","105.63","NMC","5094C8420","31/08/26 12:00:00 AM","1000119","`NATHAN MEDICALS","15/08/25 12:00:00 AM","15/08/25 12:00:00 AM","W01001077","12417"
"23743","LORICON 2MG","10","1","10","37","22.49","18","31.2","NMC","TT2505199","30/04/27 12:00:00 AM","1000119","`NATHAN MEDICALS","15/08/25 12:00:00 AM","15/08/25 12:00:00 AM","W01001077","12417"
"13789","MELMET 500 SR","60","3","20","37","32.31","15","45.24","NMC","MEDS0233","30/04/27 12:00:00 AM","1000119","`NATHAN MEDICALS","15/08/25 12:00:00 AM","15/08/25 12:00:00 AM","W01001077","12417"
"5856896","METOSARTAN 50MG","60","6","10","37","158.57","7.5","222","NMC","GTG0865A","28/02/27 12:00:00 AM","1000119","`NATHAN MEDICALS","15/08/25 12:00:00 AM","15/08/25 12:00:00 AM","W01001077","12417"
"5851699","MONTEK LC","150","10","15","37","266.43","7.5","373","NMC","GTG0231A","30/06/27 12:00:00 AM","1000119","`NATHAN MEDICALS","15/08/25 12:00:00 AM","15/08/25 12:00:00 AM","W01001077","12417"
"5857957","ISTAVEL 50MG TAB","70","7","10","37","72.86","7.5","102","NMC","GTG0980A","28/02/27 12:00:00 AM","1000119","`NATHAN MEDICALS","15/08/25 12:00:00 AM","15/08/25 12:00:00 AM","W01001078","12395"
"190","NEUROBION FORTE","300","10","30","37","34.57","14","46.1","NMC","5166C8390","30/11/26 12:00:00 AM","1000119","`NATHAN MEDICALS","15/08/25 12:00:00 AM","15/08/25 12:00:00 AM","W01001078","12395"
"918","NIKORAN  5","60","3","20","37","343.04","10.5","480.25","NMC","2964M007","31/10/26 12:00:00 AM","1000119","`NATHAN MEDICALS","15/08/25 12:00:00 AM","15/08/25 12:00:00 AM","W01001078","12395"
"5867880","NODOSIS DS TAB","30","2","15","37","68.5","11.5","96","NMC","SM1T25118","31/03/27 12:00:00 AM","1000119","`NATHAN MEDICALS","15/08/25 12:00:00 AM","15/08/25 12:00:00 AM","W01001078","12395"
"5867880","NODOSIS DS TAB","60","4","15","37","68.5","11.5","96","NMC","SM1T25118","31/03/27 12:00:00 AM","1000119","`NATHAN MEDICALS","15/08/25 12:00:00 AM","15/08/25 12:00:00 AM","W01001078","12395"
"5861642","NULONG-10","60","4","15","37","134.29","17.5","188","NMC","NLBS0064","30/11/26 12:00:00 AM","1000119","`NATHAN MEDICALS","15/08/25 12:00:00 AM","15/08/25 12:00:00 AM","W01001078","12395"
"193","OMEZ 20","400","20","20","37","46.65","18","65.31","NMC","E2500950","31/03/28 12:00:00 AM","1000119","`NATHAN MEDICALS","15/08/25 12:00:00 AM","15/08/25 12:00:00 AM","W01001078","12395"
"4349","PANTOCID 40MG","150","10","15","37","138.57","7.5","194","NMC","GTG0959A","29/02/28 12:00:00 AM","1000119","`NATHAN MEDICALS","15/08/25 12:00:00 AM","15/08/25 12:00:00 AM","W01001078","12395"
"2139","POLARAMINE 2MG","20","2","10","37","21.32","8","29.85","NMC","E24306","30/11/27 12:00:00 AM","1000119","`NATHAN MEDICALS","15/08/25 12:00:00 AM","15/08/25 12:00:00 AM","W01001078","12395"
"2146","PRACTIN 4MG","50","5","10","37","33.57","18","47","NMC","0190","31/05/28 12:00:00 AM","1000119","`NATHAN MEDICALS","15/08/25 12:00:00 AM","15/08/25 12:00:00 AM","W01001078","12395"
"5857057","PRED FORTE E/D","2","2","1","37","50.52","11","65.63","NMC","119779","31/03/27 12:00:00 AM","1000119","`NATHAN MEDICALS","15/08/25 12:00:00 AM","15/08/25 12:00:00 AM","W01001078","12395"
"5105","QUADRIDERM 10G CREAM","2","2","1","37","118.57","26","166","NMC","Z281124","31/10/26 12:00:00 AM","1000119","`NATHAN MEDICALS","15/08/25 12:00:00 AM","15/08/25 12:00:00 AM","W01001078","12395"
"5856823","REMYLIN D TAB","45","3","15","37","193.94","11.5","271.51","NMC","ARLD25005","31/08/26 12:00:00 AM","1000119","`NATHAN MEDICALS","15/08/25 12:00:00 AM","15/08/25 12:00:00 AM","W01001078","12395"
"17148","ROSUVAS 20MG","40","4","10","37","335","7.5","469","NMC","SIG0426A","31/07/27 12:00:00 AM","1000119","`NATHAN MEDICALS","15/08/25 12:00:00 AM","15/08/25 12:00:00 AM","W01001078","12395"
"6073","SENQUEL - F  50G","1","1","1","38","98.3","18","145","NMC","BZ50022","28/02/27 12:00:00 AM","1000119","`NATHAN MEDICALS","15/08/25 12:00:00 AM","15/08/25 12:00:00 AM","W01001078","12395"
"4860","SEROFLO 100 ROTACAP","1","1","1","37","206.53","14.5","289.14","NMC","4SA1610","30/06/26 12:00:00 AM","1000119","`NATHAN MEDICALS","15/08/25 12:00:00 AM","15/08/25 12:00:00 AM","W01001078","12395"
"5858694","SKINLITE CREAM 25G","2","2","1","37","203.57","24.5","285","NMC","IA00021A","30/09/26 12:00:00 AM","1000119","`NATHAN MEDICALS","15/08/25 12:00:00 AM","15/08/25 12:00:00 AM","W01001078","12395"
"11","STORVAS 10","75","5","15","37","59.63","9.5","83.49","NMC","SIG0116A","30/06/27 12:00:00 AM","1000119","`NATHAN MEDICALS","15/08/25 12:00:00 AM","15/08/25 12:00:00 AM","W01001078","12395"
"17606","TECZINE","20","2","10","37","65.71","9.5","92","NMC","SIG0272A","31/12/26 12:00:00 AM","1000119","`NATHAN MEDICALS","15/08/25 12:00:00 AM","15/08/25 12:00:00 AM","W01001078","12395"
"13437","TELMA  40","120","4","30","37","162.24","9.5","227.14","NMC","05241184A","31/07/27 12:00:00 AM","1000119","`NATHAN MEDICALS","15/08/25 12:00:00 AM","15/08/25 12:00:00 AM","W01001078","12395"
"4969","THYRONORM 100MCG","240","2","120","37","128.64","9.5","180.09","NMC","EBRB5020","31/03/27 12:00:00 AM","1000119","`NATHAN MEDICALS","15/08/25 12:00:00 AM","15/08/25 12:00:00 AM","W01001078","12395"
"4969","THYRONORM 100MCG","480","4","120","37","128.64","9.5","180.09","NMC","5021","31/03/27 12:00:00 AM","1000119","`NATHAN MEDICALS","15/08/25 12:00:00 AM","15/08/25 12:00:00 AM","W01001078","12395"
"5852202","THYRONORM 125MCG","240","2","120","37","165.06","9.5","231.08","NMC","TMJ25027","30/04/27 12:00:00 AM","1000119","`NATHAN MEDICALS","15/08/25 12:00:00 AM","15/08/25 12:00:00 AM","W01001078","12395"
"4968","THYRONORM 50MCG","240","2","120","37","100.59","9.5","140.83","NMC","5169","31/05/27 12:00:00 AM","1000119","`NATHAN MEDICALS","15/08/25 12:00:00 AM","15/08/25 12:00:00 AM","W01001078","12395"
"7785","TONACT 10","90","6","15","37","59.61","10.5","83.45","NMC","UB00601","28/02/27 12:00:00 AM","1000119","`NATHAN MEDICALS","15/08/25 12:00:00 AM","15/08/25 12:00:00 AM","W01001078","12395"
"8566","TONACT 20","30","2","15","37","152.59","10.5","214.65","NMC","UB01041","31/03/27 12:00:00 AM","1000119","`NATHAN MEDICALS","15/08/25 12:00:00 AM","15/08/25 12:00:00 AM","W01001078","12395"
"2377","TRYPTOMER 25MG","60","2","30","37","59.64","15","83.5","NMC","D2500030","31/12/27 12:00:00 AM","1000119","`NATHAN MEDICALS","15/08/25 12:00:00 AM","15/08/25 12:00:00 AM","W01001078","12395"
"11501","UROTONE","40","4","10","37","132.19","14.5","185.07","NMC","TBNCA2445","30/09/26 12:00:00 AM","1000119","`NATHAN MEDICALS","15/08/25 12:00:00 AM","15/08/25 12:00:00 AM","W01001078","12395"
"5860337","VOLINI SPRAY 100G","2","2","1","37","266.43","14.5","373","NMC","0098","31/08/26 12:00:00 AM","1000119","`NATHAN MEDICALS","15/08/25 12:00:00 AM","15/08/25 12:00:00 AM","W01001078","12395"
"5892666","STEEL FEED BOT [JAS] SMALL","2","2","1","35","165","0","270","NMC","01","31/01/28 12:00:00 AM","1003036",".NATHAN MEDICALS S","13/08/25 12:00:00 AM","13/08/25 12:00:00 AM","X01000180","330"
"5878966","APPLE VINEGAR (ORGANIC) 500ML","1","1","1","35","380","0","490","NMC","QS","31/12/27 12:00:00 AM","1003037",".NATHAN MEDICALS G","13/08/25 12:00:00 AM","13/08/25 12:00:00 AM","X01000181","770"
"5872557","DATE CROWN 500GM REF","2","2","1","35","195","0","240","NMC","QS","31/08/26 12:00:00 AM","1003037",".NATHAN MEDICALS G","13/08/25 12:00:00 AM","13/08/25 12:00:00 AM","X01000181","770"
"5871477","KIMIA DATES","2","2","1","35","155","0","190","NMC","160","31/12/26 12:00:00 AM","1003038",".NATHAN MEDICALS VM","13/08/25 12:00:00 AM","13/08/25 12:00:00 AM","X01000182","310"
"5882295","4 PLY DISPOSABALE FACE MASK","6","6","1","35","21.25","0","40","NMC","2022","31/01/29 12:00:00 AM","1003036",".NATHAN MEDICALS S","13/08/25 12:00:00 AM","13/08/25 12:00:00 AM","X01000183","516"
"5891030","EXAMINATION GLOVES [PRIME] M","2","2","1","35","194","0","280","NMC","018","31/12/29 12:00:00 AM","1003036",".NATHAN MEDICALS S","13/08/25 12:00:00 AM","13/08/25 12:00:00 AM","X01000183","516"
"5891030","EXAMINATION GLOVES [PRIME] M","10","10","1","35","194","0","280","NMC","018","31/12/29 12:00:00 AM","1003037",".NATHAN MEDICALS G","14/08/25 12:00:00 AM","14/08/25 12:00:00 AM","X01000184","1940"
"5891030","EXAMINATION GLOVES [PRIME] M","3","3","1","35","194","0","280","NMC","018","31/12/29 12:00:00 AM","1003038",".NATHAN MEDICALS VM","14/08/25 12:00:00 AM","14/08/25 12:00:00 AM","X01000185","582"
